Busco id,Status,Scaffold,Start,End,Score,Length
EOG0907002K,Duplicated,192,2542124,2690611,2633,2430
EOG0907002K,Duplicated,585,561290,772904,2951.2,2453
EOG0907004F,Duplicated,3450,89043,121112,5062,2167
EOG0907004F,Duplicated,58,9285797,9325126,4542.3,2002
EOG0907008N,Duplicated,289,45047,66255,3387.9,1976
EOG0907008N,Duplicated,44,12112698,12216608,3296.6,1712
EOG0907009D,Duplicated,23,7363567,7475537,2471.3,1230
EOG0907009D,Duplicated,6060,28263,56378,2788.3,1529
EOG0907009S,Duplicated,3039,166031,202449,2477.8,1594
EOG0907009S,Duplicated,50,8041255,8060428,2246.6,1209
EOG090700AG,Duplicated,1428,207130,297796,2269.3,1474
EOG090700AG,Duplicated,578,419205,517170,2290.2,1698
EOG090700AN,Duplicated,204,1186036,1199983,3102.7,1440
EOG090700AN,Duplicated,3048,48196,103418,2736.4,1429
EOG090700AT,Duplicated,2,21469281,21514955,332,152
EOG090700AT,Duplicated,799,223680,260388,320.8,153
EOG090700BI,Duplicated,38,1180901,1210925,485.7,722
EOG090700BI,Duplicated,494,334988,369656,447.3,749
EOG090700EQ,Duplicated,1381,60777,134524,1555.8,1091
EOG090700EQ,Duplicated,162,2491473,2519874,1698.4,1018
EOG090700FT,Duplicated,2750,110166,214034,2589.5,1318
EOG090700FT,Duplicated,33,3246604,3361521,2854.6,1323
EOG090700G3,Duplicated,112,2133271,2184950,2904.5,1347
EOG090700G3,Duplicated,6027,45595,106058,2582.2,1389
EOG090700I3,Duplicated,39,3353448,3423166,2325,1149
EOG090700I3,Duplicated,717,353802,497083,2088.9,1140
EOG090700IY,Duplicated,33967,1,23785,1978.5,1121
EOG090700IY,Duplicated,5,17867644,17945478,2309.6,1123
EOG090700J6,Duplicated,4149,174550,184162,2337.1,1170
EOG090700J6,Duplicated,6,1445848,1474260,2687.9,1286
EOG090700J9,Duplicated,11,9664626,9727106,2118.9,1101
EOG090700J9,Duplicated,3452,131562,223986,2114.1,1094
EOG090700MT,Duplicated,13,12400354,12467237,2193.1,1170
EOG090700MT,Duplicated,2385,25594,143865,1950.9,1190
EOG090700MU,Duplicated,18,16149257,16197608,2236.1,1158
EOG090700MU,Duplicated,756,470889,515323,2034.4,1265
EOG090700NV,Duplicated,333,190697,414549,2242,1299
EOG090700NV,Duplicated,9,3951655,4082725,2424.9,1308
EOG090700NX,Duplicated,2,13351054,13452634,2005.5,978
EOG090700NX,Duplicated,3080,140197,249743,1764.9,970
EOG090700OH,Duplicated,4176,42352,230848,1789.4,1016
EOG090700OH,Duplicated,85,4540150,4629246,1975.4,1090
EOG090700OV,Duplicated,2595,34656,104767,2109.5,1061
EOG090700OV,Duplicated,94,289657,359398,2209.4,1027
EOG090700QZ,Duplicated,422,772545,852021,1967.4,987
EOG090700QZ,Duplicated,43,1803544,1885497,1734.6,960
EOG090700R1,Duplicated,197,365427,449084,2168.3,1100
EOG090700R1,Duplicated,816,515577,634527,2017.5,1098
EOG090700R6,Duplicated,13,18798661,18865063,1880.2,908
EOG090700R6,Duplicated,9742,53794,105964,1616.9,850
EOG090700RC,Duplicated,2291,103821,148306,1129.2,970
EOG090700RC,Duplicated,23,16553979,16576606,1243,967
EOG090700RF,Duplicated,175,1424054,1472924,2100.8,1031
EOG090700RF,Duplicated,1788,274895,370472,1879.8,946
EOG090700RH,Duplicated,3933,82272,161053,2331,1144
EOG090700RH,Duplicated,56,10093094,10147099,2494,1208
EOG090700TX,Duplicated,1909,120550,178677,2088.4,1072
EOG090700TX,Duplicated,284,391760,409149,2337,1066
EOG090700U1,Duplicated,162,3728965,3749417,1630.2,973
EOG090700U1,Duplicated,6813,16236,58674,1484,940
EOG090700UD,Duplicated,2844,94577,120596,1792.6,984
EOG090700UD,Duplicated,2,10964401,11002382,1985.4,983
EOG090700V5,Duplicated,58,5788946,5845475,1454.9,939
EOG090700V5,Duplicated,68,9732830,9761817,1241.1,923
EOG090700VE,Duplicated,1234,470692,494946,1766.6,896
EOG090700VE,Duplicated,93,2467175,2476903,1975.8,908
EOG090700VJ,Duplicated,159,3573642,3711844,1726.4,961
EOG090700VJ,Duplicated,2351,58776,207759,1585.3,931
EOG090700W5,Duplicated,43,6734163,6795243,1490.2,920
EOG090700W5,Duplicated,5007,137711,197427,1344.1,1034
EOG090700WJ,Duplicated,35,422389,446448,2210.9,1052
EOG090700WJ,Duplicated,5386,82136,144262,1920.5,1040
EOG090700XG,Duplicated,363,994154,1044374,1818.5,960
EOG090700XG,Duplicated,88,1561954,1644814,1983.6,968
EOG090700XL,Duplicated,2392,39212,136189,1926.4,983
EOG090700XL,Duplicated,65,2336702,2365921,2071.2,956
EOG090700XV,Duplicated,116,5346145,5405267,1690.9,950
EOG090700XV,Duplicated,6931,29186,41266,1851.9,970
EOG090700XX,Duplicated,422,510824,532282,1497,756
EOG090700XX,Duplicated,43,1298346,1321127,1667.9,805
EOG0907010X,Duplicated,1341,271549,396773,1701.1,888
EOG0907010X,Duplicated,6,4253583,4340145,1828,896
EOG09070110,Duplicated,23,14548422,14594116,1958.9,943
EOG09070110,Duplicated,5223,126989,177518,1956.6,943
EOG0907011A,Duplicated,12745,68,47147,1042.1,556
EOG0907011A,Duplicated,56,11469656,11488119,1194.7,550
EOG0907012E,Duplicated,12,8193633,8242759,1525.2,759
EOG0907012E,Duplicated,18577,33165,47767,1401.9,729
EOG0907012P,Duplicated,15023,25353,39287,1563.1,916
EOG0907012P,Duplicated,50,6921472,6939005,1807.4,924
EOG0907014C,Duplicated,1,40731370,40786674,1792.8,945
EOG0907014C,Duplicated,6231,99163,158217,1773.7,939
EOG0907014T,Duplicated,1834,254611,368433,1942.2,952
EOG0907014T,Duplicated,4,35616085,35703730,1948.4,953
EOG0907014V,Duplicated,297,1041601,1176988,1907.5,886
EOG0907014V,Duplicated,51,1925026,2018899,1666.6,839
EOG0907015X,Duplicated,132,862515,949297,1602.8,741
EOG0907015X,Duplicated,6499,34377,152321,1657.8,792
EOG09070167,Duplicated,17,9910548,9943922,1659.9,840
EOG09070167,Duplicated,6149,60366,100790,1491.7,839
EOG0907017A,Duplicated,169,44005,61185,1637.6,862
EOG0907017A,Duplicated,2875,147785,195206,1396.7,869
EOG0907018X,Duplicated,3692,52242,177723,1729.5,998
EOG0907018X,Duplicated,58,1092792,1121379,1965.3,997
EOG0907019D,Duplicated,674,618449,730439,1696.9,804
EOG0907019D,Duplicated,95,1246970,1318486,1792.6,816
EOG090701AX,Duplicated,1800,139056,249547,1823.7,848
EOG090701AX,Duplicated,4,28658524,28718532,1865,847
EOG090701BL,Duplicated,162,3215075,3225082,1841.5,873
EOG090701BL,Duplicated,20756,2703,15285,1623.8,873
EOG090701C7,Duplicated,14981,18438,44168,1565.8,807
EOG090701C7,Duplicated,8,6463631,6475685,1576.7,764
EOG090701E3,Duplicated,15,8289344,8320925,1055.7,566
EOG090701E3,Duplicated,313,314779,361650,1010.8,535
EOG090701ET,Duplicated,6848,80499,141480,1446.6,755
EOG090701ET,Duplicated,9,15498238,15551632,1562.1,755
EOG090701F1,Duplicated,12757,3245,34624,1279.6,752
EOG090701F1,Duplicated,72,3560659,3579540,1475.6,752
EOG090701FU,Duplicated,132,2400364,2420099,1269.9,594
EOG090701FU,Duplicated,3117,8171,70076,1122.6,593
EOG090701GL,Duplicated,2583,187702,190959,1562.8,888
EOG090701GL,Duplicated,50,5162411,5171888,1730.3,866
EOG090701H6,Duplicated,5388,45553,127491,1601.4,823
EOG090701H6,Duplicated,8,27284963,27348750,1825.6,827
EOG090701HP,Duplicated,13212,20158,48011,1412,835
EOG090701HP,Duplicated,5,9622691,9642967,1655.5,897
EOG090701I6,Duplicated,719,57711,135143,1618.4,833
EOG090701I6,Duplicated,9,8961398,9033203,1622.6,834
EOG090701IG,Duplicated,2413,110789,203679,1426.3,733
EOG090701IG,Duplicated,6,12787386,12868665,1288,649
EOG090701JF,Duplicated,26,2326273,2345822,1666,822
EOG090701JF,Duplicated,299,1112388,1163784,1580.3,822
EOG090701L8,Duplicated,17,3571153,3623388,1407.5,817
EOG090701L8,Duplicated,1885,234875,295994,1472.9,821
EOG090701LA,Duplicated,58,1843081,1869948,1811.6,867
EOG090701LA,Duplicated,7094,1543,50556,1577.2,851
EOG090701MA,Duplicated,151,347296,399437,1142.9,564
EOG090701MA,Duplicated,17198,25887,57710,1072.8,550
EOG090701MF,Duplicated,12558,55489,70092,557.3,516
EOG090701MF,Duplicated,64,4723333,4764649,600.8,333
EOG090701NH,Duplicated,162,2198109,2251797,1336.6,691
EOG090701NH,Duplicated,709,481978,589974,1467.7,746
EOG090701NZ,Duplicated,1534,264601,280580,1460.6,742
EOG090701NZ,Duplicated,88,237740,269354,1522.7,741
EOG090701PF,Duplicated,19293,1573,50349,1554.8,778
EOG090701PF,Duplicated,23,17814157,17840991,1663.9,781
EOG090701PG,Duplicated,160,2452579,2499336,1515.9,693
EOG090701PG,Duplicated,4283,192335,229345,1521.9,751
EOG090701PR,Duplicated,153,3232415,3298951,905.4,518
EOG090701PR,Duplicated,4722,78683,125681,776.3,546
EOG090701RD,Duplicated,10,24063469,24097103,1520.2,723
EOG090701RD,Duplicated,2152,260944,378875,1346.9,720
EOG090701TK,Duplicated,191,3773699,3805682,1518.6,748
EOG090701TK,Duplicated,49,4306084,4308336,1359.3,664
EOG090701UN,Duplicated,4,93020,152219,1388.4,707
EOG090701UN,Duplicated,6017,41126,118876,1307.5,670
EOG090701VI,Duplicated,10321,37825,79151,616.9,615
EOG090701VI,Duplicated,2633,225080,248257,616.4,583
EOG090701VI,Duplicated,65,4472492,4517662,640.5,620
EOG090701VL,Duplicated,12229,6903,60109,1500.7,738
EOG090701VL,Duplicated,248,1257475,1287918,1387.2,681
EOG090701VN,Duplicated,14,22197685,22252480,1145.9,644
EOG090701VN,Duplicated,633,651369,685639,1058.1,604
EOG090701WM,Duplicated,163,1042526,1109660,1299.5,600
EOG090701WM,Duplicated,3593,73320,139633,1158.9,600
EOG090701WQ,Duplicated,16,2515842,2625489,1122.8,759
EOG090701WQ,Duplicated,1814,13965,111003,1144.6,757
EOG090701WZ,Duplicated,2342,203889,284421,2494.6,1268
EOG090701WZ,Duplicated,98,7126388,7196480,2236.3,1269
EOG090701XE,Duplicated,34,7039113,7084648,1461.2,664
EOG090701XE,Duplicated,6694,36540,74672,1327.2,664
EOG090701XF,Duplicated,1659,299405,389541,1374.7,764
EOG090701XF,Duplicated,67,8810194,8915709,1576.5,777
EOG090701XP,Duplicated,4624,56270,163265,1439.1,711
EOG090701XP,Duplicated,54,9115945,9165012,1446.2,732
EOG090701Y0,Duplicated,114,6218437,6250318,1871.8,1197
EOG090701Y0,Duplicated,254,1227375,1231019,1630.3,1127
EOG090701Y0,Duplicated,267,167968,175832,1650.1,947
EOG090701YB,Duplicated,118,2876043,2951866,812.3,461
EOG090701YB,Duplicated,658,230040,300141,757.8,470
EOG090701Z7,Duplicated,1952,241795,374606,1386.4,758
EOG090701Z7,Duplicated,85,2366673,2426235,1566.8,767
EOG090701ZC,Duplicated,183,2314049,2403313,1036.4,556
EOG090701ZC,Duplicated,391,34105,128584,952.9,565
EOG09070200,Duplicated,11,9624600,9656351,1306.9,722
EOG09070200,Duplicated,3452,14849,79401,1200.8,720
EOG09070208,Duplicated,149,2100545,2198151,1470.8,696
EOG09070208,Duplicated,2544,118704,138174,1305.1,694
EOG09070209,Duplicated,2698,112093,239914,1353.3,674
EOG09070209,Duplicated,7,23678254,23731220,1427.1,689
EOG0907020J,Duplicated,17,2302582,2358458,932.1,425
EOG0907020J,Duplicated,369,223777,328668,923.6,449
EOG0907021T,Duplicated,1508,330920,413374,1275,774
EOG0907021T,Duplicated,88,6337701,6364552,1394.1,795
EOG09070226,Duplicated,21173,15509,24818,627.4,324
EOG09070226,Duplicated,5,19699076,19734722,604.8,339
EOG0907022K,Duplicated,31,3098549,3174661,1203,643
EOG0907022K,Duplicated,708,605406,630717,1337.1,658
EOG09070238,Duplicated,1,56310536,56324980,1392.7,697
EOG09070238,Duplicated,2170,349933,362962,1307.6,697
EOG0907023M,Duplicated,2199,85851,164999,1289.2,662
EOG0907023M,Duplicated,28,4011035,4043072,1398,662
EOG09070240,Duplicated,13250,52409,57192,1134.7,734
EOG09070240,Duplicated,947,382904,407015,1062.6,730
EOG0907024I,Duplicated,58,5703177,5745753,1066,609
EOG0907024I,Duplicated,8422,1573,72103,1031.2,657
EOG09070261,Duplicated,1851,195346,238591,1322.5,716
EOG09070261,Duplicated,1,11752778,11813038,1497.6,711
EOG0907028M,Duplicated,376,751969,790268,1230,694
EOG0907028M,Duplicated,68,9195900,9229393,1430.4,694
EOG09070295,Duplicated,164,4703879,4743398,1044.8,546
EOG09070295,Duplicated,672,624229,658403,1055,649
EOG09070298,Duplicated,3,12300520,12346021,1290.1,594
EOG09070298,Duplicated,8310,6286,135686,1185.4,588
EOG0907029S,Duplicated,138,1434144,1493400,1244,661
EOG0907029S,Duplicated,2705,266639,311174,1244.4,661
EOG090702AF,Duplicated,1273,168494,269630,1200.6,658
EOG090702AF,Duplicated,45,1887727,1917826,1305.8,645
EOG090702AL,Duplicated,354,534045,572187,936.9,533
EOG090702AL,Duplicated,36,865315,896575,908,487
EOG090702B9,Duplicated,188,231890,239492,1278.3,674
EOG090702B9,Duplicated,1922,22414,48005,1168.3,624
EOG090702BP,Duplicated,5803,75425,142883,1089,556
EOG090702BP,Duplicated,92,1036944,1079086,1127.1,556
EOG090702BU,Duplicated,28,1906025,1935503,1360.3,640
EOG090702BU,Duplicated,5415,68665,118727,1286.2,643
EOG090702DB,Duplicated,10448,28211,65224,1352.5,652
EOG090702DB,Duplicated,33,7342757,7371211,1423.9,652
EOG090702DY,Duplicated,1026,338751,387496,1262.4,624
EOG090702DY,Duplicated,21,3527750,3567169,1323,660
EOG090702EG,Duplicated,1333,110534,190517,1179.6,784
EOG090702EG,Duplicated,213,2783553,2873745,1208,748
EOG090702EO,Duplicated,1324,336939,431646,1017.7,707
EOG090702EO,Duplicated,165,479455,549339,1095.9,642
EOG090702FH,Duplicated,4274,50881,84519,910.3,627
EOG090702FH,Duplicated,79,4602108,4671268,963.8,738
EOG090702FM,Duplicated,5,24002497,24054998,1417.2,709
EOG090702FM,Duplicated,7534,25670,44795,1275.8,727
EOG090702GU,Duplicated,95,2779518,2852979,1234.5,601
EOG090702GU,Duplicated,996,332940,448679,1221.1,623
EOG090702GV,Duplicated,1341,49664,105209,1213.5,623
EOG090702GV,Duplicated,6,4094187,4145814,1275.8,621
EOG090702IP,Duplicated,3,28212475,28404429,1103.8,562
EOG090702IP,Duplicated,4057,48932,225115,1019.4,562
EOG090702IU,Duplicated,1739,261937,302344,1111.6,629
EOG090702IU,Duplicated,187,2332735,2370571,1275.5,633
EOG090702JO,Duplicated,150,1029325,1078728,1484.7,847
EOG090702JO,Duplicated,1819,84298,201347,1286.1,867
EOG090702JT,Duplicated,58,4687710,4743244,1115.3,535
EOG090702JT,Duplicated,9363,66160,102246,997.3,534
EOG090702LH,Duplicated,67,1131237,1192782,889.5,433
EOG090702LH,Duplicated,7012,63153,88814,826.7,387
EOG090702MO,Duplicated,124,4282440,4312980,844.8,636
EOG090702MO,Duplicated,755,56970,59384,853.3,642
EOG090702NA,Duplicated,526,190165,192288,1105.1,618
EOG090702NA,Duplicated,52,6080185,6101948,1160.2,592
EOG090702ON,Duplicated,1119,76184,128453,1041.7,565
EOG090702ON,Duplicated,75,732725,781722,943.9,499
EOG090702Q4,Duplicated,429,183572,211482,1302.4,600
EOG090702Q4,Duplicated,5,29979860,30011232,1342.1,594
EOG090702Q8,Duplicated,1,7883755,7933437,1364.9,621
EOG090702Q8,Duplicated,360,891823,1004068,1280.1,621
EOG090702Q9,Duplicated,17,5066602,5094129,1381.1,626
EOG090702Q9,Duplicated,5066,68784,115836,1191,624
EOG090702QL,Duplicated,2473,268653,270551,351.6,416
EOG090702QL,Duplicated,461,382163,386217,323.1,443
EOG090702S0,Duplicated,12011,1835,52821,1028,505
EOG090702S0,Duplicated,18,10822056,10873189,1082.4,505
EOG090702SR,Duplicated,1534,292767,298182,1007,501
EOG090702SR,Duplicated,88,256594,284127,1161.9,570
EOG090702UE,Duplicated,140,3997208,4028341,1203.7,564
EOG090702UE,Duplicated,17581,18233,48889,1126.6,585
EOG090702UN,Duplicated,17,2131522,2152435,987.3,528
EOG090702UN,Duplicated,369,444356,464446,937.3,528
EOG090702UY,Duplicated,124,3860878,3892135,1103.8,611
EOG090702UY,Duplicated,25,9474838,9496682,1121.6,635
EOG090702VD,Duplicated,1047,285884,301795,1152.3,558
EOG090702VD,Duplicated,269,1890952,1914509,1205,558
EOG090702W5,Duplicated,124,215640,242519,1090.6,547
EOG090702W5,Duplicated,2868,45253,156666,992.3,558
EOG090702W9,Duplicated,331,794205,825009,1101.9,583
EOG090702W9,Duplicated,547,338878,383353,1176.1,596
EOG090702WY,Duplicated,5440,2807,63641,894.1,483
EOG090702WY,Duplicated,6,10565009,10586827,1024.2,517
EOG090702XD,Duplicated,1,28072989,28155598,1320.1,673
EOG090702XD,Duplicated,211,98716,216623,1335.1,659
EOG090702YO,Duplicated,2274,220040,259346,1162,539
EOG090702YO,Duplicated,37,11503469,11525175,1213.6,540
EOG090702YQ,Duplicated,12120,35537,66326,1189.3,601
EOG090702YQ,Duplicated,34,11874181,11945803,1224.7,586
EOG090702YS,Duplicated,1767,194040,213304,1115.5,580
EOG090702YS,Duplicated,27,1028983,1045996,1210.4,580
EOG0907030Q,Duplicated,11,561015,606289,1288,696
EOG0907030Q,Duplicated,961,131593,219033,1234.4,691
EOG09070310,Duplicated,392,855681,888349,1119.6,527
EOG09070310,Duplicated,77,4163889,4215415,1162.2,527
EOG0907031R,Duplicated,1295,106425,157535,1064.4,574
EOG0907031R,Duplicated,14,11205264,11268066,1190.4,575
EOG09070333,Duplicated,162,4254078,4273609,834.8,400
EOG09070333,Duplicated,715,584293,595171,773.6,436
EOG09070349,Duplicated,53,9286629,9329806,838.6,456
EOG09070349,Duplicated,768,52586,71874,841,530
EOG09070357,Duplicated,124,3242599,3283782,1172.4,612
EOG09070357,Duplicated,789,569961,592833,1064,612
EOG09070358,Duplicated,11069,44908,52084,1108.5,573
EOG09070358,Duplicated,60,2707871,2737806,1012.5,554
EOG0907035F,Duplicated,492,349172,386237,777,479
EOG0907035F,Duplicated,86,8228754,8262619,911.8,500
EOG0907036C,Duplicated,145,3811248,3825637,1228,562
EOG0907036C,Duplicated,844,558853,569008,1105.2,562
EOG0907037I,Duplicated,20,2802179,2861759,1479.6,800
EOG0907037I,Duplicated,583,321766,384387,1307.5,851
EOG09070382,Duplicated,162,1333903,1361291,1134.7,537
EOG09070382,Duplicated,3397,214431,249226,1045,517
EOG0907038F,Duplicated,5453,20271,102502,903.7,494
EOG0907038F,Duplicated,98,5007776,5048329,974.7,510
EOG0907039Q,Duplicated,1,47074048,47139727,972,472
EOG0907039Q,Duplicated,4717,116936,162197,913.6,471
EOG090703BY,Duplicated,59,7796876,7871172,954.3,629
EOG090703BY,Duplicated,6801,54889,124928,943,651
EOG090703D6,Duplicated,20957,6041,18050,704.4,407
EOG090703D6,Duplicated,44,13025056,13058702,785.8,439
EOG090703DE,Duplicated,24,15988515,16008312,877.7,580
EOG090703DE,Duplicated,8378,7026,38831,1032.5,576
EOG090703DR,Duplicated,262,1485377,1507294,1091.2,579
EOG090703DR,Duplicated,4706,169917,202602,1127.4,603
EOG090703EE,Duplicated,154,1598499,1622483,390.2,346
EOG090703EE,Duplicated,23929,9162,27008,394,400
EOG090703EE,Duplicated,27,7838741,7891905,419.8,289
EOG090703EI,Duplicated,18040,3688,57068,922.3,506
EOG090703EI,Duplicated,19,3671518,3686667,1043.6,522
EOG090703F5,Duplicated,195,2752670,2754619,851,586
EOG090703F5,Duplicated,37,12213497,12215437,852.5,586
EOG090703F5,Duplicated,3,31546609,31548549,856.8,586
EOG090703FP,Duplicated,116,2607800,2672051,932.2,494
EOG090703FP,Duplicated,2339,54879,122058,813.2,477
EOG090703GJ,Duplicated,116,3529958,3570372,955.6,549
EOG090703GJ,Duplicated,5302,86170,106751,870.7,549
EOG090703GW,Duplicated,43,3980786,4084124,1108.3,493
EOG090703GW,Duplicated,562,279600,430410,986,472
EOG090703HB,Duplicated,295,493431,586759,957.6,492
EOG090703HB,Duplicated,5,31468504,31515486,967.7,486
EOG090703HC,Duplicated,108,207709,261041,968.8,513
EOG090703HC,Duplicated,1634,420238,426156,1001,522
EOG090703HI,Duplicated,10,26538287,26572475,917.9,529
EOG090703HI,Duplicated,3582,124179,171043,791.9,485
EOG090703HJ,Duplicated,35,1941129,1944448,812.2,532
EOG090703HJ,Duplicated,5154,150986,157716,752.6,561
EOG090703IA,Duplicated,244,920805,952266,873.2,499
EOG090703IA,Duplicated,4406,124794,234187,819.1,467
EOG090703ID,Duplicated,3439,222655,254649,953.6,508
EOG090703ID,Duplicated,9,21236755,21274071,1094.8,546
EOG090703J7,Duplicated,15,17065439,17118178,320.8,244
EOG090703J7,Duplicated,4599,2621,35865,280.7,297
EOG090703JN,Duplicated,274,808294,829886,915.2,538
EOG090703JN,Duplicated,43,5869826,5898315,1054,543
EOG090703KQ,Duplicated,1973,119096,163486,853,488
EOG090703KQ,Duplicated,83,2004144,2028744,893.4,456
EOG090703N9,Duplicated,7850,4716,31606,1063.7,527
EOG090703N9,Duplicated,83,2487243,2516950,920.9,425
EOG090703NJ,Duplicated,8586,104026,112068,1105.9,555
EOG090703NJ,Duplicated,8,18764242,18779865,1172.1,535
EOG090703NX,Duplicated,179,4061704,4074616,997.7,511
EOG090703NX,Duplicated,3292,129705,213180,901,510
EOG090703OI,Duplicated,19,11023203,11048522,1214,586
EOG090703OI,Duplicated,2917,294993,314046,1143.3,578
EOG090703OM,Duplicated,6497,75683,97216,988.3,500
EOG090703OM,Duplicated,67,2830884,2852384,1066.8,504
EOG090703QP,Duplicated,180,2267632,2288589,988.5,465
EOG090703QP,Duplicated,49825,802,6501,922.3,452
EOG090703QV,Duplicated,17,4251308,4279072,674.9,432
EOG090703QV,Duplicated,446,598203,628123,662.3,446
EOG090703RW,Duplicated,1997,332990,356869,937.1,568
EOG090703RW,Duplicated,44,7400156,7428855,998.9,515
EOG090703RY,Duplicated,226,1899917,1944631,808.1,454
EOG090703RY,Duplicated,27919,7291,25712,691.2,367
EOG090703SP,Duplicated,436,640792,672032,758.3,350
EOG090703SP,Duplicated,95,3595594,3627655,855.7,429
EOG090703TA,Duplicated,58,7056903,7084809,969,514
EOG090703TA,Duplicated,78,2194739,2199154,984.8,530
EOG090703TC,Duplicated,2734,92855,94591,1029.4,519
EOG090703TC,Duplicated,5,32020137,32021879,1107.9,520
EOG090703TO,Duplicated,177,4058020,4067951,828.7,460
EOG090703TO,Duplicated,4767,120966,136973,929,478
EOG090703U6,Duplicated,177,2792043,2810429,703,332
EOG090703U6,Duplicated,5390,65890,191663,638.7,332
EOG090703UE,Duplicated,16556,6352,46710,948.4,467
EOG090703UE,Duplicated,92,1226818,1259664,1092.9,500
EOG090703UW,Duplicated,2544,73103,87521,833.8,467
EOG090703UW,Duplicated,31,10276328,10312628,968.3,467
EOG090703VU,Duplicated,289,1573086,1596045,872.1,461
EOG090703VU,Duplicated,44,10594325,10598939,943.4,479
EOG090703WX,Duplicated,14406,31569,46444,667.4,361
EOG090703WX,Duplicated,37,3278542,3304681,773.9,439
EOG090703Y1,Duplicated,2859,288375,299834,1007.6,545
EOG090703Y1,Duplicated,291,234502,251455,1101.6,557
EOG090703Y2,Duplicated,34,6788075,6857842,875.7,504
EOG090703Y2,Duplicated,641,236426,277752,774.1,580
EOG090703Y7,Duplicated,36,1525759,1574578,989.9,462
EOG090703Y7,Duplicated,565,520977,567876,974.1,463
EOG090703YZ,Duplicated,13423,37127,57194,1068.9,491
EOG090703YZ,Duplicated,520,558624,595991,1112.1,487
EOG090703ZD,Duplicated,2896,142364,145464,874.1,437
EOG090703ZD,Duplicated,97,4952882,4980947,877.9,430
EOG090703ZE,Duplicated,60,2758205,2798403,1096.8,537
EOG090703ZE,Duplicated,8646,20433,68083,963.6,488
EOG090703ZY,Duplicated,338,218754,315914,684.2,445
EOG090703ZY,Duplicated,7,21730587,21821338,730.3,428
EOG0907041A,Duplicated,112,3130948,3143760,926.7,464
EOG0907041A,Duplicated,6900,57358,94640,829.4,476
EOG0907041C,Duplicated,16492,9141,20707,931,410
EOG0907041C,Duplicated,262,252706,325320,1024.6,446
EOG0907041I,Duplicated,1104,255436,323639,868.2,432
EOG0907041I,Duplicated,132,46711,85560,932.4,432
EOG0907042X,Duplicated,17,9767404,9777538,235.5,138
EOG0907042X,Duplicated,7050,43285,62927,208.8,151
EOG09070431,Duplicated,6403,102006,145303,967.2,608
EOG09070431,Duplicated,83,7586118,7650605,1049,617
EOG09070448,Duplicated,1145,74025,81628,737.6,441
EOG09070448,Duplicated,5,10600484,10630560,797.1,404
EOG0907044C,Duplicated,11663,15946,80146,783,454
EOG0907044C,Duplicated,8,16303867,16330010,875.7,449
EOG09070467,Duplicated,2816,238311,286347,824.8,448
EOG09070467,Duplicated,47,6579959,6604810,942.2,448
EOG0907046G,Duplicated,268,1291344,1326618,77.1,44
EOG0907046G,Duplicated,3996,117350,137489,67.7,31
EOG0907046X,Duplicated,15,14906850,14972230,625.6,287
EOG0907046X,Duplicated,1765,281545,320252,590.7,337
EOG0907046X,Duplicated,21555,17232,42152,544.6,378
EOG09070471,Duplicated,17,13803517,13840254,873.1,398
EOG09070471,Duplicated,434,415978,461370,836.6,394
EOG0907047O,Duplicated,1418,23781,82606,630.3,399
EOG0907047O,Duplicated,230,2353206,2364291,683.9,447
EOG0907047Y,Duplicated,19,10970721,11002651,758.9,404
EOG0907047Y,Duplicated,7080,103500,131305,777.3,404
EOG09070480,Duplicated,3,2444244,2461009,783.1,378
EOG09070480,Duplicated,793,655561,672295,683.1,388
EOG0907048Y,Duplicated,1919,354349,396779,856.3,529
EOG0907048Y,Duplicated,5,14053938,14106334,984.6,536
EOG090704A2,Duplicated,43,7673312,7705284,563.5,430
EOG090704A2,Duplicated,43,7718657,7756854,570.3,433
EOG090704A2,Duplicated,43,7760671,7779827,620.7,436
EOG090704A2,Duplicated,43,7854917,7871340,589.1,427
EOG090704A2,Duplicated,73,1191670,1218377,592.3,419
EOG090704AQ,Duplicated,57,137340,195555,974.8,449
EOG090704AQ,Duplicated,6708,93901,161891,831.6,451
EOG090704C6,Duplicated,5045,32868,86034,876.5,441
EOG090704C6,Duplicated,65,3210868,3234746,971.2,442
EOG090704CL,Duplicated,184,3733000,3740648,778.9,442
EOG090704CL,Duplicated,6110,164969,169986,738.7,442
EOG090704CY,Duplicated,13,12900667,12944611,613.1,311
EOG090704CY,Duplicated,3798,35822,75254,675.8,373
EOG090704EG,Duplicated,3,10636199,10647032,969.9,476
EOG090704EG,Duplicated,4649,131499,138398,925.5,445
EOG090704EW,Duplicated,14264,34771,75568,1000.3,504
EOG090704EW,Duplicated,77,5274111,5284176,1079.1,500
EOG090704G0,Duplicated,132,2369131,2408183,782.8,424
EOG090704G0,Duplicated,6211,121914,136929,829.6,429
EOG090704G1,Duplicated,10114,57321,72692,836.6,426
EOG090704G1,Duplicated,231,2155759,2171467,895.5,424
EOG090704GP,Duplicated,2803,245999,257741,824.3,409
EOG090704GP,Duplicated,70,9075041,9091982,864.7,409
EOG090704HF,Duplicated,4505,32488,65628,780.1,438
EOG090704HF,Duplicated,4,13689795,13702617,897.8,439
EOG090704HI,Duplicated,2340,283041,333810,854.4,439
EOG090704HI,Duplicated,302,1472542,1488676,913.1,447
EOG090704HY,Duplicated,1,8725341,8753150,587.9,377
EOG090704HY,Duplicated,741,343149,366664,527.9,394
EOG090704I6,Duplicated,149,2365998,2391734,764,466
EOG090704I6,Duplicated,3401,57446,67016,724.6,429
EOG090704IB,Duplicated,10037,100561,116086,671,398
EOG090704IB,Duplicated,180,3023461,3038243,769.7,385
EOG090704IF,Duplicated,151,3706874,3740020,625,345
EOG090704IF,Duplicated,4034,210706,250444,714.8,345
EOG090704IH,Duplicated,39,5004263,5005858,919.4,462
EOG090704IH,Duplicated,715,523220,532924,881.9,453
EOG090704J3,Duplicated,2503,263582,281288,617.5,634
EOG090704J3,Duplicated,37,7872544,7906981,596.1,652
EOG090704K4,Duplicated,763,104975,127448,950.6,486
EOG090704K4,Duplicated,8,2441564,2482136,1091,577
EOG090704KG,Duplicated,289,200657,227293,777.8,362
EOG090704KG,Duplicated,44,12496128,12535505,794,359
EOG090704KU,Duplicated,190,3526569,3554757,827,422
EOG090704KU,Duplicated,8289,98173,135022,815,423
EOG090704L6,Duplicated,2618,127497,232088,758.5,372
EOG090704L6,Duplicated,56,7303100,7326111,824.9,372
EOG090704MX,Duplicated,16090,17588,58511,860.7,477
EOG090704MX,Duplicated,179,1705293,1723705,945.1,479
EOG090704N4,Duplicated,325,34367,62680,523.7,508
EOG090704N4,Duplicated,45,7754955,7766913,563.8,497
EOG090704NJ,Duplicated,11,4641050,4642615,858.4,442
EOG090704NJ,Duplicated,138,1542294,1569717,862.2,442
EOG090704O2,Duplicated,198,1236438,1316622,842.9,387
EOG090704O2,Duplicated,3142,156435,274045,736,386
EOG090704O7,Duplicated,31,15960044,16000156,933.5,480
EOG090704O7,Duplicated,3977,162492,201399,818.2,478
EOG090704OT,Duplicated,13,14190937,14209294,889.2,439
EOG090704OT,Duplicated,5135,160105,193297,805.7,432
EOG090704PC,Duplicated,308,592361,599973,979.7,455
EOG090704PC,Duplicated,925,82497,143964,913.6,455
EOG090704PQ,Duplicated,162,1073397,1115418,652,400
EOG090704PQ,Duplicated,3474,3144,12616,710.4,376
EOG090704R6,Duplicated,12,547399,595875,796.6,548
EOG090704R6,Duplicated,15857,27676,59563,700.7,534
EOG090704RN,Duplicated,1087,388504,397941,589.2,366
EOG090704RN,Duplicated,21,15311409,15339556,612.5,362
EOG090704S7,Duplicated,194,1286365,1295677,885.1,410
EOG090704S7,Duplicated,8019,30420,50090,878.4,417
EOG090704SG,Duplicated,3772,177942,215772,914,444
EOG090704SG,Duplicated,50,923844,935871,838.9,391
EOG090704TB,Duplicated,2466,236643,292495,943.6,532
EOG090704TB,Duplicated,68,7274534,7300353,1083.9,552
EOG090704U1,Duplicated,5286,3347,8862,611.6,359
EOG090704U1,Duplicated,6,7562358,7574888,705.1,382
EOG090704U4,Duplicated,12,20919613,20957620,908.6,460
EOG090704U4,Duplicated,15706,34131,69941,924.9,469
EOG090704U4,Duplicated,65,1021739,1036556,957.4,459
EOG090704UV,Duplicated,1398,41375,72499,765.1,391
EOG090704UV,Duplicated,66,4444728,4477537,814.6,391
EOG090704V6,Duplicated,33,11835351,11863082,772.5,437
EOG090704V6,Duplicated,4651,46091,88590,702.7,370
EOG090704VO,Duplicated,5906,130951,174161,617.1,345
EOG090704VO,Duplicated,68,7187116,7207366,722.8,345
EOG090704W0,Duplicated,1335,69844,94551,700,342
EOG090704W0,Duplicated,316,961545,988622,739.1,357
EOG090704W4,Duplicated,11217,31445,60372,443.4,296
EOG090704W4,Duplicated,145,181720,235092,488.3,262
EOG090704WP,Duplicated,1703,414806,430474,820.4,412
EOG090704WP,Duplicated,30,11478056,11494226,887.6,424
EOG090704X1,Duplicated,148,4662641,4663867,630.3,344
EOG090704X1,Duplicated,17338,15318,27361,555.2,344
EOG090704X4,Duplicated,10707,20276,30989,525.6,284
EOG090704X4,Duplicated,135,4617197,4623874,540.9,279
EOG090704XR,Duplicated,12141,57045,83167,718.7,455
EOG090704XR,Duplicated,44,8846929,8867137,767.7,446
EOG090704YD,Duplicated,4809,181685,222341,654.7,421
EOG090704YD,Duplicated,611,227754,263209,692.4,434
EOG090704YF,Duplicated,136,2297136,2337376,962.7,457
EOG090704YF,Duplicated,2953,70470,105602,869.4,455
EOG090704Z9,Duplicated,14,23698053,23699474,879.3,415
EOG090704Z9,Duplicated,6951,88024,108750,759.9,406
EOG090704ZC,Duplicated,1,51594008,51610712,913.6,438
EOG090704ZC,Duplicated,5701,4569,8683,786.9,437
EOG090704ZL,Duplicated,135,4778428,4782803,993.5,431
EOG090704ZL,Duplicated,5944,79090,130075,944.3,425
EOG090704ZT,Duplicated,106,1600879,1616172,857.1,419
EOG090704ZT,Duplicated,10887,2816,85496,827,419
EOG09070500,Duplicated,168,2909705,2954469,716.6,339
EOG09070500,Duplicated,320,398840,400528,709.2,339
EOG09070508,Duplicated,254,1162439,1174631,453.8,220
EOG09070508,Duplicated,371,840408,852969,391.2,249
EOG0907050D,Duplicated,1404,339296,341311,784.2,416
EOG0907050D,Duplicated,1,52997022,52998524,844.5,418
EOG0907050N,Duplicated,11342,21459,58864,705.3,388
EOG0907050N,Duplicated,141,3053898,3083456,788.9,388
EOG0907050R,Duplicated,274,695939,704233,931.3,471
EOG0907050R,Duplicated,27,2341494,2365488,995.2,471
EOG0907052L,Duplicated,177,1806981,1811786,847.9,403
EOG0907052L,Duplicated,2502,181665,192226,730.2,403
EOG0907052O,Duplicated,35,11100271,11132631,846.5,377
EOG0907052O,Duplicated,530,325735,353167,780.8,372
EOG0907052R,Duplicated,38,14423817,14446971,829.1,428
EOG0907052R,Duplicated,567,86567,145284,709.7,427
EOG09070530,Duplicated,1899,100627,180611,735.9,396
EOG09070530,Duplicated,194,174856,243651,819.8,396
EOG09070538,Duplicated,19408,11995,26047,657,357
EOG09070538,Duplicated,3,6475109,6483981,688.8,356
EOG0907053Q,Duplicated,36,6669474,6766321,731.5,357
EOG0907053Q,Duplicated,682,630890,689771,766.8,358
EOG09070558,Duplicated,2789,236764,296166,690.4,425
EOG09070558,Duplicated,5,32789280,32818063,791.3,425
EOG0907055T,Duplicated,1115,141303,149847,781.2,434
EOG0907055T,Duplicated,11,1655887,1677636,848.5,430
EOG09070562,Duplicated,12,19579062,19611305,935.6,454
EOG09070562,Duplicated,631,627987,673002,800.3,453
EOG0907056J,Duplicated,24,647599,685141,719.5,427
EOG0907056J,Duplicated,7744,66712,74887,665.6,350
EOG0907057B,Duplicated,2143,10829,18013,683.5,434
EOG0907057B,Duplicated,50,7624845,7626995,790.1,438
EOG0907057C,Duplicated,2439,86114,123964,764.4,415
EOG0907057C,Duplicated,50,8129662,8143735,845.4,417
EOG0907057P,Duplicated,408,585844,608635,650,416
EOG0907057P,Duplicated,44,9946886,9972012,718.8,391
EOG0907057X,Duplicated,218,2838881,2840113,680.6,359
EOG0907057X,Duplicated,9,2754191,2772603,762.1,357
EOG0907057Y,Duplicated,1,51616782,51655653,647.4,428
EOG0907057Y,Duplicated,25974,6962,31252,668.5,429
EOG0907058D,Duplicated,116,4188078,4270376,673.9,395
EOG0907058D,Duplicated,3653,32232,81095,631.3,418
EOG0907059Y,Duplicated,4527,70775,75621,688.7,365
EOG0907059Y,Duplicated,4,35881603,35897451,594.6,309
EOG090705A4,Duplicated,158,1655373,1656806,916.5,423
EOG090705A4,Duplicated,1610,117980,133236,838.2,422
EOG090705AD,Duplicated,106,4149013,4204139,797,416
EOG090705AD,Duplicated,2687,57002,162670,793.3,416
EOG090705AO,Duplicated,12,379501,410060,623.5,396
EOG090705AO,Duplicated,9700,1830,26246,569.6,374
EOG090705B3,Duplicated,5478,71143,91899,639.9,349
EOG090705B3,Duplicated,71,2400262,2426841,708,349
EOG090705B6,Duplicated,2409,233812,261232,741.2,422
EOG090705B6,Duplicated,47,1011266,1032283,856.8,422
EOG090705BQ,Duplicated,24280,2346,23519,796.7,406
EOG090705BQ,Duplicated,7,13580979,13613733,854.7,407
EOG090705CY,Duplicated,1600,3021,38198,730.8,403
EOG090705CY,Duplicated,160,989816,1010296,806.7,398
EOG090705CY,Duplicated,192,1557038,1596418,703.3,383
EOG090705CZ,Duplicated,10,8007776,8021314,787.8,375
EOG090705CZ,Duplicated,3913,178140,234059,684.4,387
EOG090705D0,Duplicated,1015,528229,536609,671.2,365
EOG090705D0,Duplicated,50,2661629,2669564,769.4,365
EOG090705D7,Duplicated,4318,80760,221385,679.1,376
EOG090705D7,Duplicated,74,8454589,8608085,741.6,371
EOG090705DN,Duplicated,37,10091623,10128153,705.8,359
EOG090705DN,Duplicated,8035,53785,118493,748.4,360
EOG090705DV,Duplicated,30,11648496,11676889,767.4,389
EOG090705DV,Duplicated,4376,159233,217793,657.9,427
EOG090705E2,Duplicated,1537,281191,305818,700.5,400
EOG090705E2,Duplicated,192,3524958,3545603,792.4,399
EOG090705E4,Duplicated,190,3480546,3503553,760,365
EOG090705E4,Duplicated,2879,32397,89949,725.4,365
EOG090705EM,Duplicated,1,57783059,57801552,677,383
EOG090705EM,Duplicated,3113,66814,92625,604.8,348
EOG090705FY,Duplicated,231,1903066,1923600,346.6,229
EOG090705FY,Duplicated,9989,15318,21254,311.3,228
EOG090705G1,Duplicated,6651,153687,154949,686.8,373
EOG090705G1,Duplicated,95,499225,500487,695.4,373
EOG090705GI,Duplicated,173,4150322,4197817,983.7,446
EOG090705GI,Duplicated,331,36930,72948,882.9,435
EOG090705GK,Duplicated,11788,46511,55630,740.7,394
EOG090705GK,Duplicated,162,3482775,3486415,850.4,440
EOG090705H1,Duplicated,2814,239746,260651,828.5,432
EOG090705H1,Duplicated,43,10150898,10167322,963.6,454
EOG090705H5,Duplicated,279,1197135,1248193,664.7,406
EOG090705H5,Duplicated,55,3948872,4016163,757,410
EOG090705IN,Duplicated,153,1015193,1016497,703.9,347
EOG090705IN,Duplicated,55,10392417,10402145,706,347
EOG090705IV,Duplicated,100,1416917,1426678,707.9,343
EOG090705IV,Duplicated,1376,239228,245083,660.6,312
EOG090705IX,Duplicated,5321,160443,174135,664.8,388
EOG090705IX,Duplicated,93,508611,557939,748.8,362
EOG090705J0,Duplicated,7639,106826,118513,665.5,483
EOG090705J0,Duplicated,88,4346679,4363708,768.5,466
EOG090705KA,Duplicated,8,22932723,22955895,678.9,425
EOG090705KA,Duplicated,9859,99064,111168,716.2,397
EOG090705KG,Duplicated,5024,17901,26512,533.7,331
EOG090705KG,Duplicated,94,1585683,1606897,524.1,301
EOG090705KM,Duplicated,1,11279999,11315920,843,411
EOG090705KM,Duplicated,8592,25156,107386,765.7,409
EOG090705KX,Duplicated,11486,83490,93711,644.4,393
EOG090705KX,Duplicated,68,7068699,7081019,735.8,376
EOG090705L0,Duplicated,2369,273507,306245,691.1,397
EOG090705L0,Duplicated,2,22223363,22258259,672.9,342
EOG090705L8,Duplicated,2240,146486,258520,630.7,349
EOG090705L8,Duplicated,96,847862,877134,717.3,372
EOG090705NS,Duplicated,2849,187898,218273,507.3,347
EOG090705NS,Duplicated,45,2443897,2470659,490.7,320
EOG090705OC,Duplicated,2666,49254,65681,538.2,398
EOG090705OC,Duplicated,3,4554335,4572415,540.2,400
EOG090705OU,Duplicated,205,2647994,2674765,415.8,276
EOG090705OU,Duplicated,53985,1,7816,436.6,287
EOG090705PK,Duplicated,10144,87889,90055,486.5,375
EOG090705PK,Duplicated,88,3126245,3144710,460.2,266
EOG090705PS,Duplicated,14,22829335,22845404,512.8,252
EOG090705PS,Duplicated,433,837020,892012,457.6,247
EOG090705QZ,Duplicated,1141,179008,197713,919.7,435
EOG090705QZ,Duplicated,57,1288752,1321028,972.6,476
EOG090705R5,Duplicated,1972,369244,390423,897.4,499
EOG090705R5,Duplicated,2,12865378,12902647,1044.9,518
EOG090705SG,Duplicated,30,6561214,6592310,594.5,369
EOG090705SG,Duplicated,688,271493,298131,589.8,375
EOG090705ST,Duplicated,248,2185201,2187837,682.4,347
EOG090705ST,Duplicated,3579,80895,82028,618.2,348
EOG090705SZ,Duplicated,33,10716837,10745381,889.3,406
EOG090705SZ,Duplicated,5670,171402,185466,823.3,406
EOG090705T1,Duplicated,318,1278501,1300351,681.2,384
EOG090705T1,Duplicated,355,61058,82321,679,344
EOG090705TF,Duplicated,20,13660098,13661225,118.9,338
EOG090705TF,Duplicated,3134,94243,95376,113.7,338
EOG090705TO,Duplicated,3580,167181,201495,608.2,364
EOG090705TO,Duplicated,43,9158979,9190908,532.2,356
EOG090705UE,Duplicated,3116,68034,127863,686.7,359
EOG090705UE,Duplicated,50,12074085,12106667,770.4,380
EOG090705UX,Duplicated,1600,355188,380749,540.5,290
EOG090705UX,Duplicated,96,6864942,6906372,605.6,293
EOG090705WJ,Duplicated,3693,103865,105064,613.5,333
EOG090705WJ,Duplicated,4,23769352,23805112,687.9,333
EOG090705WL,Duplicated,136,5568068,5590663,688.5,376
EOG090705WL,Duplicated,4047,53388,137670,684.6,375
EOG090705XZ,Duplicated,12,8717726,8735614,500,293
EOG090705XZ,Duplicated,2295,255139,279188,508.9,345
EOG090705YL,Duplicated,1600,352480,366272,591.1,368
EOG090705YL,Duplicated,96,6831572,6868034,529.4,369
EOG09070600,Duplicated,1,56272926,56287086,626.5,310
EOG09070600,Duplicated,2559,5184,28115,556.5,303
EOG0907060H,Duplicated,24,13227979,13236468,817.4,432
EOG0907060H,Duplicated,2975,91076,113842,701.6,434
EOG0907060O,Duplicated,13535,35320,63274,529,298
EOG0907060O,Duplicated,188,3756968,3780881,609.9,302
EOG0907061H,Duplicated,1364,445277,465442,566.5,317
EOG0907061H,Duplicated,20,583835,619816,619.2,338
EOG09070637,Duplicated,1186,52528,100808,807,428
EOG09070637,Duplicated,8,21488547,21510620,920.3,454
EOG09070638,Duplicated,21,20343846,20351812,590.6,306
EOG09070638,Duplicated,3583,141393,153127,541.4,303
EOG0907063N,Duplicated,37,8975786,8993292,749.2,353
EOG0907063N,Duplicated,5352,153997,171550,638.9,356
EOG0907069L,Duplicated,1183,236638,264428,589,296
EOG0907069L,Duplicated,58,4232606,4276268,643.5,322
EOG0907069T,Duplicated,2713,102156,192933,1143.8,574
EOG0907069T,Duplicated,5,10500536,10592497,1302.1,599
EOG090706AA,Duplicated,24672,15800,27588,493.2,252
EOG090706AA,Duplicated,44,9899353,9904492,531.7,253
EOG090706AH,Duplicated,124,3429810,3456282,734.6,374
EOG090706AH,Duplicated,289,529252,535713,695.8,379
EOG090706AJ,Duplicated,3,6551065,6552192,514.7,278
EOG090706AJ,Duplicated,5232,155277,175154,456.7,270
EOG090706BC,Duplicated,1706,111216,142660,725.7,354
EOG090706BC,Duplicated,4,19431678,19463635,764.6,354
EOG090706CI,Duplicated,221,1164959,1178238,685,321
EOG090706CI,Duplicated,6168,86964,123611,621.5,320
EOG090706CM,Duplicated,404,375904,420558,564.7,343
EOG090706CM,Duplicated,76,7147297,7188600,621.7,332
EOG090706DA,Duplicated,1791,264298,296857,601.4,294
EOG090706DA,Duplicated,4240,69230,86498,571.7,294
EOG090706DS,Duplicated,2127,312075,335546,472.7,276
EOG090706DS,Duplicated,245,676788,724870,426.8,274
EOG090706E6,Duplicated,12096,25712,86111,865.6,505
EOG090706E6,Duplicated,23,5732088,5804946,987.9,506
EOG090706EZ,Duplicated,1827,284985,311755,646.9,375
EOG090706EZ,Duplicated,87,4528186,4567517,637.9,341
EOG090706F2,Duplicated,1470,216621,263122,451.6,249
EOG090706F2,Duplicated,192,3081580,3097561,512.9,250
EOG090706GS,Duplicated,5055,186154,214102,468.8,242
EOG090706GS,Duplicated,89,2769408,2778827,484.8,242
EOG090706HH,Duplicated,12336,30977,52523,630.3,320
EOG090706HH,Duplicated,362,752538,765018,665.8,323
EOG090706HZ,Duplicated,52,7031775,7098640,736.2,377
EOG090706HZ,Duplicated,7329,38893,107552,637.6,366
EOG090706IZ,Duplicated,354,1118794,1126394,714.8,338
EOG090706IZ,Duplicated,36,4039070,4055925,764.8,347
EOG090706J1,Duplicated,3925,181268,198634,699.9,366
EOG090706J1,Duplicated,47,4402344,4420265,741,366
EOG090706JZ,Duplicated,10419,23189,91019,570.3,319
EOG090706JZ,Duplicated,132,736444,810670,641.7,319
EOG090706K9,Duplicated,126,4542578,4572466,709.5,353
EOG090706K9,Duplicated,22867,975,28863,612.8,349
EOG090706KW,Duplicated,17,3418920,3483616,703.1,334
EOG090706KW,Duplicated,1885,329961,387746,647.4,332
EOG090706MG,Duplicated,20,13660098,13661225,254.6,251
EOG090706MG,Duplicated,43,6207761,6208759,249.6,252
EOG090706ND,Duplicated,1266,21400,46612,1029.9,607
EOG090706ND,Duplicated,5,28564646,28570667,1168.2,573
EOG090706NU,Duplicated,2982,170890,204817,729.5,388
EOG090706NU,Duplicated,91,7914884,7931747,840.5,393
EOG090706PH,Duplicated,1083,211410,249333,509.3,253
EOG090706PH,Duplicated,31,7491083,7575633,538.9,253
EOG090706Q0,Duplicated,77,5017746,5039078,336.6,211
EOG090706Q0,Duplicated,837,167754,197626,354.5,211
EOG090706QA,Duplicated,17,8564500,8613539,621.4,354
EOG090706QA,Duplicated,2147,229979,266385,604,366
EOG090706RL,Duplicated,28,2004978,2029200,742.6,372
EOG090706RL,Duplicated,8828,35948,62294,735.8,381
EOG090706RY,Duplicated,11891,5498,17542,568.7,316
EOG090706RY,Duplicated,24,1413455,1440042,590.5,316
EOG090706S1,Duplicated,55443,5520,9607,609.5,332
EOG090706S1,Duplicated,84,792569,793633,712.8,332
EOG090706SE,Duplicated,1309,12335,53503,686.3,371
EOG090706SE,Duplicated,367,126077,160758,760.4,380
EOG090706SM,Duplicated,133,4242594,4268804,621.9,357
EOG090706SM,Duplicated,5501,141075,155994,596.6,400
EOG090706TI,Duplicated,1,55589691,55593476,732.2,370
EOG090706TI,Duplicated,845,244937,248362,622.7,387
EOG090706U8,Duplicated,1348,401999,475776,617,401
EOG090706U8,Duplicated,213,1923747,2002112,595.5,359
EOG090706UG,Duplicated,141,3343618,3344928,732.7,351
EOG090706UG,Duplicated,9416,103752,105029,704.6,346
EOG090706V1,Duplicated,10,15835684,15864605,685.9,329
EOG090706V1,Duplicated,4323,149268,223302,651.7,328
EOG090706VN,Duplicated,10104,46606,80842,613.2,316
EOG090706VN,Duplicated,119,4415643,4420487,701.8,316
EOG090706VP,Duplicated,110,2976729,3028442,580.9,313
EOG090706VP,Duplicated,483,190155,221738,545,312
EOG090706WJ,Duplicated,2219,221205,241852,632.8,323
EOG090706WJ,Duplicated,76,5464551,5479863,667.4,326
EOG090706X1,Duplicated,16,22176131,22197010,696.7,337
EOG090706X1,Duplicated,283,285544,315135,604.2,336
EOG090706X8,Duplicated,6497,116348,125970,562.4,305
EOG090706X8,Duplicated,67,2874594,2881721,614.2,308
EOG090706XG,Duplicated,2322,279550,305023,455.7,309
EOG090706XG,Duplicated,9,26471808,26498152,528.2,291
EOG090706XS,Duplicated,3543,202903,267664,576.3,315
EOG090706XS,Duplicated,35,387532,413697,645.3,316
EOG090706YV,Duplicated,1600,321635,339907,620.8,330
EOG090706YV,Duplicated,192,1359741,1388408,659.7,332
EOG09070705,Duplicated,19,1406067,1446397,842.2,416
EOG09070705,Duplicated,4929,114165,182913,863,417
EOG0907070I,Duplicated,41,12957957,12959674,457.5,205
EOG0907070I,Duplicated,8431,132155,138168,416.3,204
EOG0907070T,Duplicated,12,2188749,2204493,617.2,320
EOG0907070T,Duplicated,9254,81742,89420,544.3,320
EOG09070729,Duplicated,399,983151,993745,588.9,280
EOG09070729,Duplicated,6318,125100,166764,584.4,280
EOG0907072L,Duplicated,1322,475802,476869,493.6,258
EOG0907072L,Duplicated,269,888196,893019,481.3,243
EOG0907072W,Duplicated,222,790695,806964,582.3,301
EOG0907072W,Duplicated,4308,45401,67993,532.4,301
EOG09070739,Duplicated,1123,464239,506341,591.7,315
EOG09070739,Duplicated,32,11602448,11706921,535.4,315
EOG0907073B,Duplicated,135,763653,769216,644.6,332
EOG0907073B,Duplicated,3569,242113,260706,614.5,316
EOG09070745,Duplicated,1227,76670,105607,549.4,309
EOG09070745,Duplicated,36,1148676,1163238,634.1,334
EOG09070755,Duplicated,16,15056993,15088506,699.4,369
EOG09070755,Duplicated,3299,94624,136861,625.7,366
EOG09070766,Duplicated,46294,3864,10979,661.7,324
EOG09070766,Duplicated,80,3590336,3591454,739.2,331
EOG0907076E,Duplicated,15,7954751,7956865,657.8,318
EOG0907076E,Duplicated,313,550167,565084,627,318
EOG0907076G,Duplicated,1527,34963,38938,601.8,290
EOG0907076G,Duplicated,4,30268867,30283760,653.4,290
EOG0907076O,Duplicated,26,17394618,17400259,671.7,308
EOG0907076O,Duplicated,5027,152432,160352,599.8,309
EOG0907076U,Duplicated,1125,312112,337387,616.3,325
EOG0907076U,Duplicated,16,20744522,20796703,690.5,332
EOG0907077D,Duplicated,1215,71917,89028,587.3,362
EOG0907077D,Duplicated,58,6289698,6295634,685,361
EOG0907077L,Duplicated,15,6886901,6939403,680.9,301
EOG0907077L,Duplicated,1837,182416,238631,668.7,302
EOG09070797,Duplicated,14007,2547,25646,640.8,313
EOG09070797,Duplicated,92,1557282,1566819,719.5,337
EOG0907079A,Duplicated,95,2641082,2661456,341.9,213
EOG0907079A,Duplicated,996,15210,35497,307.2,214
EOG0907079G,Duplicated,11,6551200,6601968,598.3,287
EOG0907079G,Duplicated,503,690984,705113,544.8,287
EOG0907079S,Duplicated,1131,124049,137903,397.9,230
EOG0907079S,Duplicated,82,4098344,4117107,422.7,230
EOG090707A2,Duplicated,1,14538508,14566567,579.7,356
EOG090707A2,Duplicated,2440,232252,274761,516.7,309
EOG090707AI,Duplicated,35,5856653,5928876,679.9,336
EOG090707AI,Duplicated,740,561001,585927,614.1,337
EOG090707AO,Duplicated,1043,267465,338195,661.9,340
EOG090707AO,Duplicated,11,23798273,23839218,638.6,336
EOG090707AO,Duplicated,47,6489012,6508925,594.8,344
EOG090707B8,Duplicated,180,2115704,2139226,496.4,292
EOG090707B8,Duplicated,3759,173095,198824,440.6,285
EOG090707BY,Duplicated,151,1874124,1886270,409.3,247
EOG090707BY,Duplicated,21566,2661,8197,430.5,260
EOG090707C7,Duplicated,17424,18991,35639,385.4,250
EOG090707C7,Duplicated,7,17464966,17484365,373.1,295
EOG090707C9,Duplicated,2401,250855,294639,485.3,259
EOG090707C9,Duplicated,26,5247030,5287464,499.4,274
EOG090707CT,Duplicated,13,21175451,21222172,596.1,282
EOG090707CT,Duplicated,2835,132440,200905,558,317
EOG090707EM,Duplicated,1,17215285,17216265,694.7,302
EOG090707EM,Duplicated,609,422676,423656,679.4,302
EOG090707G1,Duplicated,2787,195352,201447,551.6,284
EOG090707G1,Duplicated,69,346572,351410,554,284
EOG090707GT,Duplicated,16953,24979,36909,583.5,338
EOG090707GT,Duplicated,60,1400540,1433263,564.6,311
EOG090707H8,Duplicated,117,918304,937569,614.3,295
EOG090707H8,Duplicated,1441,443641,474075,569.4,294
EOG090707HM,Duplicated,11977,66761,94649,585.5,331
EOG090707HM,Duplicated,137,998161,1012756,644.9,333
EOG090707HV,Duplicated,216,274151,307731,405.6,204
EOG090707HV,Duplicated,631,174272,196224,412.8,204
EOG090707HW,Duplicated,13860,42944,69415,537.2,303
EOG090707HW,Duplicated,15,14117262,14146702,623.3,303
EOG090707HZ,Duplicated,2,13530435,13553043,661.2,380
EOG090707HZ,Duplicated,3080,60587,90476,615.7,363
EOG090707J7,Duplicated,19,7680019,7708091,324.9,172
EOG090707J7,Duplicated,22869,435,31546,291.8,172
EOG090707JX,Duplicated,121,2701361,2720167,490.2,280
EOG090707JX,Duplicated,1642,136919,176093,453,270
EOG090707JY,Duplicated,15322,8188,25845,367,263
EOG090707JY,Duplicated,5,10632622,10660568,359.4,279
EOG090707MT,Duplicated,3435,150438,172979,583.6,298
EOG090707MT,Duplicated,3749,17540,32429,552.2,298
EOG090707NP,Duplicated,1501,61759,63163,631,281
EOG090707NP,Duplicated,300,643964,659403,667.2,282
EOG090707NW,Duplicated,16146,17723,34842,489.2,278
EOG090707NW,Duplicated,4,10764323,10782112,428.2,272
EOG090707O8,Duplicated,16863,3494,38463,508.3,316
EOG090707O8,Duplicated,73,2420712,2487623,580.2,316
EOG090707PM,Duplicated,173,4132263,4142286,699.2,322
EOG090707PM,Duplicated,331,10,24767,639.2,322
EOG090707PU,Duplicated,17,3850225,3873718,489.2,238
EOG090707PU,Duplicated,1885,1569,25462,468,283
EOG090707QF,Duplicated,1948,257520,260627,548,293
EOG090707QF,Duplicated,41,10843070,10857520,592.8,291
EOG090707QK,Duplicated,12367,33307,57921,501.2,243
EOG090707QK,Duplicated,284,515970,525061,465.8,244
EOG090707R4,Duplicated,136,4873978,4893659,553.3,298
EOG090707R4,Duplicated,8753,112228,117233,548.9,298
EOG090707RZ,Duplicated,12018,83563,96601,520.8,300
EOG090707RZ,Duplicated,46,10789516,10798764,586.4,297
EOG090707SI,Duplicated,104,4181419,4182426,546.2,278
EOG090707SI,Duplicated,29771,9799,10800,464.3,275
EOG090707SU,Duplicated,34,3329825,3337250,526.1,294
EOG090707SU,Duplicated,917,59361,68454,448.7,278
EOG090707TY,Duplicated,12,22390002,22398563,550.5,255
EOG090707TY,Duplicated,15799,14191,41756,532.9,255
EOG090707U4,Duplicated,36,7435162,7443377,605.7,288
EOG090707U4,Duplicated,6682,107460,127912,530,290
EOG090707UA,Duplicated,129,3330949,3356194,511.1,335
EOG090707UA,Duplicated,2255,199417,212259,598.7,339
EOG090707UH,Duplicated,279,1790236,1807560,412.8,290
EOG090707UH,Duplicated,5,20136037,20147210,481.4,304
EOG090707V2,Duplicated,1032,56208,88995,534.7,278
EOG090707V2,Duplicated,65,2896830,2909526,602.1,278
EOG090707VL,Duplicated,1153,105835,127761,548.7,254
EOG090707VL,Duplicated,32,12581884,12613284,578.1,255
EOG090707VV,Duplicated,25,11833396,11883090,503.4,281
EOG090707VV,Duplicated,599,487175,529092,478.4,278
EOG090707VZ,Duplicated,42,4047846,4084210,499.5,273
EOG090707VZ,Duplicated,52,4791472,4792539,500.6,273
EOG090707WB,Duplicated,12168,33593,53276,343.1,232
EOG090707WB,Duplicated,13,4133321,4145091,382.8,223
EOG090707WF,Duplicated,1389,299458,333611,512.1,264
EOG090707WF,Duplicated,18,4756575,4782632,576.1,285
EOG090707WJ,Duplicated,13567,46383,55177,509,260
EOG090707WJ,Duplicated,16,8154520,8166287,506.8,264
EOG090707WN,Duplicated,1632,355461,395878,490.4,284
EOG090707WN,Duplicated,66,3486107,3506687,569.1,284
EOG090707WS,Duplicated,109,4035247,4044020,579.7,297
EOG090707WS,Duplicated,5323,66114,72272,507.9,297
EOG090707WW,Duplicated,19,7661285,7673557,553.7,262
EOG090707WW,Duplicated,4541,30914,51418,501,262
EOG090707X7,Duplicated,162,1532409,1541614,296.3,208
EOG090707X7,Duplicated,3039,135382,157488,275.8,196
EOG090707XP,Duplicated,24879,12187,16951,386.5,222
EOG090707XP,Duplicated,24,35833,46120,439.9,223
EOG090707Z1,Duplicated,16,22721536,22726458,583.3,289
EOG090707Z1,Duplicated,283,836581,838867,497.9,284
EOG0907080I,Duplicated,1711,383882,427500,440.9,217
EOG0907080I,Duplicated,82,7649748,7664512,453.2,217
EOG0907080Q,Duplicated,146,5368894,5375161,621.5,300
EOG0907080Q,Duplicated,1557,27916,32677,596.2,298
EOG0907080U,Duplicated,1183,144816,151185,693,313
EOG0907080U,Duplicated,23,9010200,9028003,676.3,320
EOG09070818,Duplicated,150,3039653,3072737,432.9,241
EOG09070818,Duplicated,61,1854124,1855149,480.2,244
EOG09070818,Duplicated,8244,42856,62302,413.6,243
EOG0907082I,Duplicated,3663,158967,202157,518.7,286
EOG0907082I,Duplicated,50,7002840,7041728,575.2,309
EOG0907082J,Duplicated,3481,199031,221319,505,320
EOG0907082J,Duplicated,40,3078817,3101580,558.4,290
EOG0907083W,Duplicated,1896,33882,40454,650.6,299
EOG0907083W,Duplicated,27892,7556,15250,571.5,291
EOG09070844,Duplicated,427,466890,467882,514.4,296
EOG09070844,Duplicated,87,771621,823994,457.8,291
EOG09070845,Duplicated,12,1573175,1598258,511,238
EOG09070845,Duplicated,24509,7017,27418,492.4,237
EOG0907084K,Duplicated,129,2744018,2756923,471.1,258
EOG0907084K,Duplicated,970,381236,409495,483.1,268
EOG0907085N,Duplicated,131,5303679,5327767,417.9,226
EOG0907085N,Duplicated,131,5345353,5366971,427.3,226
EOG0907085O,Duplicated,4058,131735,163625,482.1,237
EOG0907085O,Duplicated,8,27723345,27754414,501.6,237
EOG09070889,Duplicated,14,10650134,10697654,442.7,237
EOG09070889,Duplicated,5897,25332,31524,414.2,238
EOG09070891,Duplicated,141,3778404,3798570,527.3,293
EOG09070891,Duplicated,7600,54192,80768,463.5,290
EOG09070894,Duplicated,11887,16797,56416,613,329
EOG09070894,Duplicated,1,53854188,53883105,609.7,344
EOG090708C8,Duplicated,35,11544660,11574109,454.4,225
EOG090708C8,Duplicated,530,796437,822555,397.2,224
EOG090708CR,Duplicated,1,55984940,56014892,582.4,274
EOG090708CR,Duplicated,4500,107655,148576,517.4,274
EOG090708E0,Duplicated,3278,95828,108534,474.7,278
EOG090708E0,Duplicated,38,14526910,14547322,552.3,279
EOG090708E2,Duplicated,43,997622,1010683,354.8,224
EOG090708E2,Duplicated,6104,158369,182968,322.1,200
EOG090708F0,Duplicated,20,5199605,5200444,602.3,263
EOG090708F0,Duplicated,3002,178314,179177,585.6,263
EOG090708F4,Duplicated,1986,314525,334705,137.5,93
EOG090708F4,Duplicated,8,6515278,6526510,152.5,94
EOG090708F9,Duplicated,246,160738,189791,607.8,333
EOG090708F9,Duplicated,5167,165351,174467,577,325
EOG090708FC,Duplicated,102,1112405,1143417,453.3,238
EOG090708FC,Duplicated,257,1706313,1762037,397.7,246
EOG090708FT,Duplicated,605,773212,783718,532.8,307
EOG090708FT,Duplicated,77,2624772,2639434,607.1,306
EOG090708FU,Duplicated,50,596016,606348,429,231
EOG090708FU,Duplicated,6316,27553,36416,438.1,231
EOG090708GV,Duplicated,18,16315930,16337034,653.8,472
EOG090708GV,Duplicated,4720,142067,171850,563.6,409
EOG090708HB,Duplicated,16548,5823,61371,439.6,289
EOG090708HB,Duplicated,28,17218564,17240488,515.1,289
EOG090708HZ,Duplicated,5607,121504,167154,337.8,220
EOG090708HZ,Duplicated,60,7072671,7103403,347.4,263
EOG090708I5,Duplicated,316,687834,707560,346.7,267
EOG090708I5,Duplicated,3250,250462,265361,382,269
EOG090708I9,Duplicated,124,2882498,2891856,474.3,239
EOG090708I9,Duplicated,4378,195520,198852,436.2,241
EOG090708J2,Duplicated,3327,191346,246198,476.1,239
EOG090708J2,Duplicated,470,572410,604183,547.1,251
EOG090708J3,Duplicated,2,19844042,19870486,507.5,238
EOG090708J3,Duplicated,33364,1,24612,438,239
EOG090708JC,Duplicated,153,4549833,4565924,519.2,257
EOG090708JC,Duplicated,225,1503242,1510576,488.6,251
EOG090708JT,Duplicated,1322,287630,297098,384.1,214
EOG090708JT,Duplicated,44,9554963,9559462,421.8,215
EOG090708KC,Duplicated,3729,128784,141500,501.1,265
EOG090708KC,Duplicated,71,6849877,6851783,552.1,267
EOG090708KP,Duplicated,5664,125791,181370,393.4,233
EOG090708KP,Duplicated,56,982914,1007444,458,233
EOG090708L1,Duplicated,1833,358102,360565,462.5,232
EOG090708L1,Duplicated,40,10135264,10136319,498.1,255
EOG090708LA,Duplicated,21,3683253,3726889,424.4,272
EOG090708LA,Duplicated,9871,76812,90533,437.5,241
EOG090708LC,Duplicated,15,5130971,5148977,630.7,271
EOG090708LC,Duplicated,3433,67421,75614,615.3,271
EOG090708LJ,Duplicated,1,52506699,52594190,424.1,239
EOG090708LJ,Duplicated,5343,107334,166465,417.5,224
EOG090708ME,Duplicated,14794,42498,58186,267.7,199
EOG090708ME,Duplicated,95,6471303,6493005,298.7,197
EOG090708OV,Duplicated,1177,91951,123690,484.2,250
EOG090708OV,Duplicated,27,3700282,3736806,557.6,254
EOG090708PJ,Duplicated,138,528561,572724,565.1,249
EOG090708PJ,Duplicated,789,409638,430527,507.1,249
EOG090708PO,Duplicated,392,901161,914828,571.9,281
EOG090708PO,Duplicated,77,4255099,4266515,551,281
EOG090708S3,Duplicated,31,5186196,5223459,514.8,295
EOG090708S3,Duplicated,708,372403,389319,478,293
EOG090708SO,Duplicated,1496,161755,233249,466.6,254
EOG090708SO,Duplicated,26,6029203,6048740,511,255
EOG090708SR,Duplicated,10037,39710,82163,463.2,279
EOG090708SR,Duplicated,180,2935826,3015388,462.2,281
EOG090708SX,Duplicated,1965,66387,83499,563.1,263
EOG090708SX,Duplicated,355,782695,786642,577,264
EOG090708T8,Duplicated,3476,182654,183769,606.2,310
EOG090708T8,Duplicated,44,9303164,9304252,619.4,310
EOG090708TE,Duplicated,11,2196557,2216048,518.3,235
EOG090708TE,Duplicated,880,442805,459688,507.3,235
EOG090708TG,Duplicated,1,10254413,10282654,430,222
EOG090708TG,Duplicated,315,956439,989004,424.3,224
EOG090708UQ,Duplicated,4226,83989,103039,278,196
EOG090708UQ,Duplicated,71,9627232,9664183,309.8,196
EOG090708V2,Duplicated,127,5719608,5743842,566.2,268
EOG090708V2,Duplicated,2247,74961,96979,512.9,273
EOG090708VO,Duplicated,17,9883292,9906600,532,266
EOG090708VO,Duplicated,6149,101386,122903,479.5,266
EOG090708VV,Duplicated,1708,317580,323708,377.1,216
EOG090708VV,Duplicated,1,54732573,54742236,423.4,241
EOG090708W3,Duplicated,133,4534276,4535139,422.6,243
EOG090708W3,Duplicated,6818,79908,85191,372.6,231
EOG090708WT,Duplicated,408,229619,236449,407.7,215
EOG090708WT,Duplicated,44,9056594,9059216,439.7,219
EOG090708WY,Duplicated,44,10149769,10155756,474.3,237
EOG090708WY,Duplicated,9309,52267,67254,451,225
EOG090708YM,Duplicated,37,9005799,9033746,445.6,250
EOG090708YM,Duplicated,5352,121555,144372,409.6,243
EOG090708YY,Duplicated,26,9507308,9512032,578.1,329
EOG090708YY,Duplicated,9635,10915,43020,505.2,296
EOG090708ZU,Duplicated,7,12201684,12257377,484.7,255
EOG090708ZU,Duplicated,9895,36336,95064,421.6,255
EOG09070917,Duplicated,181,3983747,4004727,432.7,208
EOG09070917,Duplicated,660,293543,308587,371.6,208
EOG0907092D,Duplicated,229,1043355,1044401,384.6,210
EOG0907092D,Duplicated,3,34688400,34692770,385.5,210
EOG0907093C,Duplicated,1240,12053,31468,353,190
EOG0907093C,Duplicated,1,59404808,59414007,379.1,192
EOG0907093S,Duplicated,1185,384386,402750,468.3,274
EOG0907093S,Duplicated,36,6601584,6603370,544.3,274
EOG0907093U,Duplicated,26580,6262,10719,495.4,243
EOG0907093U,Duplicated,64,4579438,4586807,524.5,243
EOG09070948,Duplicated,129,3940017,3963724,431,274
EOG09070948,Duplicated,7692,69,13902,382.6,274
EOG0907094T,Duplicated,2649,45543,71191,511.6,254
EOG0907094T,Duplicated,3,3648780,3679770,538.9,253
EOG0907095F,Duplicated,1,56635772,56661561,479.6,272
EOG0907095F,Duplicated,361,292594,301719,438.6,271
EOG0907095K,Duplicated,30806,16043,17056,556.7,293
EOG0907095K,Duplicated,60,3904077,3905090,595.9,296
EOG0907095Q,Duplicated,14,10481068,10503153,569,247
EOG0907095Q,Duplicated,1552,125871,174038,569.2,247
EOG0907095Y,Duplicated,110,2914103,2928012,532.7,248
EOG0907095Y,Duplicated,483,330883,362311,473.6,247
EOG0907096V,Duplicated,115,6364944,6387859,579.8,285
EOG0907096V,Duplicated,327,518238,558899,527.4,288
EOG0907097Q,Duplicated,12,8435513,8444996,386.1,214
EOG0907097Q,Duplicated,23193,64,11598,329.8,213
EOG09070986,Duplicated,1087,249279,278914,613.9,301
EOG09070986,Duplicated,21,15185987,15241494,614.9,301
EOG0907098N,Duplicated,139,1930757,1972281,420.8,215
EOG0907098N,Duplicated,22845,27565,42364,365.1,212
EOG0907099W,Duplicated,30,11959345,11978877,370.7,180
EOG0907099W,Duplicated,98,2254616,2264318,385.6,180
EOG090709AB,Duplicated,12,9267747,9279986,453.8,238
EOG090709AB,Duplicated,5873,144611,167954,420.1,237
EOG090709BB,Duplicated,42,13387669,13437536,278.9,196
EOG090709BB,Duplicated,9867,33287,54245,291.7,195
EOG090709BT,Duplicated,1256,393114,483080,487.9,270
EOG090709BT,Duplicated,166,428130,458120,548.9,269
EOG090709C0,Duplicated,2,19155981,19172100,528.3,246
EOG090709C0,Duplicated,685,602878,638493,485.8,246
EOG090709DI,Duplicated,16,22825154,22858162,510.6,252
EOG090709DI,Duplicated,283,983560,1012712,475.6,252
EOG090709EZ,Duplicated,26,12871316,12884161,533.9,286
EOG090709EZ,Duplicated,3527,247637,264318,461,260
EOG090709F5,Duplicated,1,10473005,10475269,454.8,203
EOG090709F5,Duplicated,315,722664,726628,423.9,203
EOG090709GE,Duplicated,1116,389041,412192,459.8,235
EOG090709GE,Duplicated,12,20962016,20972574,442.8,248
EOG090709GN,Duplicated,20957,17395,34713,389.4,195
EOG090709GN,Duplicated,44,13017423,13022869,409.2,190
EOG090709GP,Duplicated,25,17746641,17790588,344.4,208
EOG090709GP,Duplicated,4498,179233,224177,375.1,213
EOG090709GX,Duplicated,3772,235949,264656,497.8,243
EOG090709GX,Duplicated,50,949987,974961,528,243
EOG090709H6,Duplicated,1466,107026,136226,259.3,174
EOG090709H6,Duplicated,146,2291486,2317032,296.6,174
EOG090709J1,Duplicated,40371,3937,4905,487.7,259
EOG090709J1,Duplicated,50,2797902,2798873,512,260
EOG090709JK,Duplicated,1369,65260,77049,436.9,233
EOG090709JK,Duplicated,9,20444138,20460088,488.4,234
EOG090709JL,Duplicated,10501,46949,50828,388.6,276
EOG090709JL,Duplicated,177,240095,241135,388.6,290
EOG090709JS,Duplicated,14157,35798,40411,309,195
EOG090709JS,Duplicated,56,8791034,8801262,363.2,198
EOG090709KN,Duplicated,100,2477789,2478568,529.3,232
EOG090709KN,Duplicated,1467,383363,384142,510.2,232
EOG090709LL,Duplicated,1199,30876,42383,401.9,181
EOG090709LL,Duplicated,24,560794,583526,422.6,181
EOG090709LM,Duplicated,161,4830584,4835846,258.9,138
EOG090709LM,Duplicated,313,1302837,1320713,243.8,136
EOG090709LO,Duplicated,16769,28648,33549,316.2,195
EOG090709LO,Duplicated,26,1159269,1164591,370.3,195
EOG090709MI,Duplicated,269,716995,732931,473.4,221
EOG090709MI,Duplicated,649,456532,466024,460.8,221
EOG090709NG,Duplicated,6715,81584,149985,407.6,274
EOG090709NG,Duplicated,67,9016286,9067433,428.9,276
EOG090709NI,Duplicated,1677,193894,254930,357.7,295
EOG090709NI,Duplicated,76,6009098,6064506,414.4,295
EOG090709NK,Duplicated,17,14292205,14318829,665,390
EOG090709NK,Duplicated,2085,254788,268468,691.2,371
EOG090709NQ,Duplicated,40,9773474,9811785,465,242
EOG090709NQ,Duplicated,9646,26572,60481,455,246
EOG090709OH,Duplicated,254,1334079,1340747,615.3,279
EOG090709OH,Duplicated,371,919445,925650,615.4,277
EOG090709PK,Duplicated,138,1570153,1581242,326.5,159
EOG090709PK,Duplicated,289,619000,624439,303.5,160
EOG090709S5,Duplicated,123,6087771,6105771,684.9,362
EOG090709S5,Duplicated,6808,94356,130771,628.6,355
EOG090709SY,Duplicated,135,5690126,5703798,362.8,207
EOG090709SY,Duplicated,458,740584,762962,343.4,207
EOG090709T3,Duplicated,3749,241794,253129,332.4,155
EOG090709T3,Duplicated,453,404340,435421,331.8,155
EOG090709U6,Duplicated,143,4664466,4680251,386,216
EOG090709U6,Duplicated,5913,106472,137055,353.3,215
EOG090709VF,Duplicated,34,9926929,9957710,472.2,262
EOG090709VF,Duplicated,6974,135262,165969,411.6,241
EOG090709WL,Duplicated,469,682664,710009,391.5,223
EOG090709WL,Duplicated,612,469433,499718,342,223
EOG090709WW,Duplicated,470,245211,284142,422.3,212
EOG090709WW,Duplicated,7260,22147,96080,367.1,212
EOG090709WY,Duplicated,26476,6251,29842,500.8,233
EOG090709WY,Duplicated,34,10244426,10245352,521.9,234
EOG090709WY,Duplicated,89,2877943,2900204,540,234
EOG090709X3,Duplicated,46,6371036,6399353,447.5,286
EOG090709X3,Duplicated,904,190601,216517,390.2,286
EOG090709XC,Duplicated,13989,42314,55107,376.8,247
EOG090709XC,Duplicated,71,2440755,2460980,407.2,256
EOG090709YQ,Duplicated,106,5142273,5181266,389.8,176
EOG090709YQ,Duplicated,596,74087,99514,374.2,176
EOG09070A0Q,Duplicated,14,865671,883634,492.1,239
EOG09070A0Q,Duplicated,3390,195437,207093,438.3,236
EOG09070A2L,Duplicated,1,55432811,55440656,478.5,240
EOG09070A2L,Duplicated,925,11418,33705,433.1,250
EOG09070A4K,Duplicated,12293,41355,82697,659,477
EOG09070A4K,Duplicated,30,11222789,11242411,753.5,479
EOG09070A5H,Duplicated,159,4844126,4873177,413.4,185
EOG09070A5H,Duplicated,3842,186702,231494,357.6,185
EOG09070A5V,Duplicated,11871,25248,44652,408.7,223
EOG09070A5V,Duplicated,5,10711778,10731673,462.3,223
EOG09070A6N,Duplicated,166,512113,512862,470.1,199
EOG09070A6N,Duplicated,6218,109122,110130,443.1,198
EOG09070A76,Duplicated,6,29343216,29345575,503,269
EOG09070A76,Duplicated,895,136681,139954,488.9,263
EOG09070A7A,Duplicated,17294,12877,30306,507.9,277
EOG09070A7A,Duplicated,44,5011805,5029284,549.9,326
EOG09070A7W,Duplicated,710,299019,300510,290.5,168
EOG09070A7W,Duplicated,8,13188433,13202543,299.1,168
EOG09070A8S,Duplicated,117,4293892,4358580,296.8,181
EOG09070A8S,Duplicated,713,29525,86445,295.2,235
EOG09070A95,Duplicated,10518,74641,107583,319.5,156
EOG09070A95,Duplicated,106,4928272,4947924,343,156
EOG09070A9M,Duplicated,11258,259,25254,455,249
EOG09070A9M,Duplicated,85,1273769,1289912,495.9,271
EOG09070AAG,Duplicated,15885,28009,40090,417.5,226
EOG09070AAG,Duplicated,94,2581154,2595945,479.1,227
EOG09070AAS,Duplicated,68,6928163,6974536,313,227
EOG09070AAS,Duplicated,8027,14648,111448,271.1,192
EOG09070AAZ,Duplicated,10187,10580,31527,295.9,168
EOG09070AAZ,Duplicated,8,5374521,5391564,326.6,168
EOG09070ABO,Duplicated,1255,200137,223305,525.9,290
EOG09070ABO,Duplicated,30,13230739,13256896,561.9,290
EOG09070ABZ,Duplicated,109,5113190,5124406,466.3,233
EOG09070ABZ,Duplicated,2707,287083,302788,427.7,216
EOG09070ACA,Duplicated,39,7948637,7956538,415.7,186
EOG09070ACA,Duplicated,5163,46357,50135,430.4,208
EOG09070ACE,Duplicated,2,9422096,9506026,266.3,129
EOG09070ACE,Duplicated,695,114663,185536,251.7,129
EOG09070ACU,Duplicated,2758,294563,303289,494.1,247
EOG09070ACU,Duplicated,77,5238290,5241929,546.8,259
EOG09070AGG,Duplicated,2528,183890,247459,533.9,324
EOG09070AGG,Duplicated,6,10232908,10258581,625.6,349
EOG09070AHZ,Duplicated,17,11809176,11835025,483.3,256
EOG09070AHZ,Duplicated,2006,59765,78539,510.2,257
EOG09070AI2,Duplicated,65,8058447,8068973,454.8,224
EOG09070AI2,Duplicated,8492,36019,43811,419.6,224
EOG09070AID,Duplicated,109,4178590,4196065,483.4,231
EOG09070AID,Duplicated,12253,35333,75512,430.6,226
EOG09070AJA,Duplicated,182,2826328,2840796,264.1,145
EOG09070AJA,Duplicated,435,198969,217397,231.4,145
EOG09070AJU,Duplicated,10879,77016,84747,404.7,219
EOG09070AJU,Duplicated,85,1333953,1339434,426.9,204
EOG09070AKU,Duplicated,56,8044850,8071247,415.4,192
EOG09070AKU,Duplicated,8814,70776,114019,400.1,191
EOG09070ALA,Duplicated,5404,65482,103998,563.6,283
EOG09070ALA,Duplicated,57,2223774,2253096,579,283
EOG09070ALK,Duplicated,1,56627158,56635099,471.5,223
EOG09070ALK,Duplicated,3970,89219,93399,415,221
EOG09070ALL,Duplicated,123,6020075,6046392,172.1,92
EOG09070ALL,Duplicated,6808,132867,137776,160.3,87
EOG09070ANT,Duplicated,13340,18319,49415,391.1,185
EOG09070ANT,Duplicated,256,2002284,2066701,393.4,184
EOG09070AOG,Duplicated,179,514495,515271,462.2,232
EOG09070AOG,Duplicated,40,2269855,2290369,465.4,232
EOG09070AQ4,Duplicated,17,12753873,12778926,424,234
EOG09070AQ4,Duplicated,434,275767,291404,446.7,233
EOG09070AR7,Duplicated,17,9121321,9148893,372.2,189
EOG09070AR7,Duplicated,5209,163677,208103,359.6,209
EOG09070ARG,Duplicated,448,506543,520906,405.5,180
EOG09070ARG,Duplicated,528,660255,683577,363.2,167
EOG09070ARX,Duplicated,53,7259566,7285956,384.8,207
EOG09070ARX,Duplicated,852,586185,596600,335.1,207
EOG09070AS0,Duplicated,130,4848008,4864548,399.1,219
EOG09070AS0,Duplicated,20,9834316,9835236,403.1,205
EOG09070ATY,Duplicated,1659,288593,293972,318.5,185
EOG09070ATY,Duplicated,67,8788548,8800478,334.3,185
EOG09070AVO,Duplicated,105,3174373,3193185,357,201
EOG09070AVO,Duplicated,1,50197094,50245554,384.8,212
EOG09070AXW,Duplicated,1096,99930,106615,412.7,208
EOG09070AXW,Duplicated,8,17092693,17098504,425.3,208
EOG09070AZQ,Duplicated,10,1570607,1579198,437.3,184
EOG09070AZQ,Duplicated,3314,24508,32182,404.8,184
EOG09070B21,Duplicated,39,14689442,14717479,472,206
EOG09070B21,Duplicated,8394,91340,118757,440.4,205
EOG09070B2Z,Duplicated,111,3078153,3094549,408.1,205
EOG09070B2Z,Duplicated,4822,100934,142330,366.6,205
EOG09070B4K,Duplicated,2130,174259,191474,388.8,192
EOG09070B4K,Duplicated,23,18991988,18998917,410.5,191
EOG09070B8N,Duplicated,38,1863447,1886237,389.5,181
EOG09070B8N,Duplicated,8583,12616,18161,378.8,181
EOG09070B93,Duplicated,4371,23585,34491,290.8,159
EOG09070B93,Duplicated,52,11415243,11418422,337.2,162
EOG09070B97,Duplicated,2946,233488,265132,326.1,177
EOG09070B97,Duplicated,99,3763910,3784337,345.2,178
EOG09070BBG,Duplicated,4471,40112,90155,420.9,232
EOG09070BBG,Duplicated,7,4095683,4138390,449.7,232
EOG09070BCC,Duplicated,14,8733805,8752930,404.8,196
EOG09070BCC,Duplicated,4004,36669,75909,351.6,196
EOG09070BCY,Duplicated,16,2793744,2823299,407,213
EOG09070BCY,Duplicated,4356,51158,104881,420.9,213
EOG09070BDV,Duplicated,14153,57045,69682,296.7,165
EOG09070BDV,Duplicated,32,13561176,13570909,330.9,166
EOG09070BEA,Duplicated,33039,3146,22964,377.2,193
EOG09070BEA,Duplicated,8,10579261,10599422,393.7,193
EOG09070BGB,Duplicated,13,14134916,14147940,366.8,197
EOG09070BGB,Duplicated,5135,70925,107148,355,197
EOG09070BHP,Duplicated,39,3710078,3752529,324.9,164
EOG09070BHP,Duplicated,4758,72596,145052,290.3,163
EOG09070BHY,Duplicated,1168,366564,375807,278.6,206
EOG09070BHY,Duplicated,1,22910481,22933547,325.6,168
EOG09070BJ6,Duplicated,42,2857279,2866901,349.8,194
EOG09070BJ6,Duplicated,7212,58979,86280,313.4,194
EOG09070BKH,Duplicated,23,8132279,8148947,373.9,222
EOG09070BKH,Duplicated,36,13859242,13875772,434.3,221
EOG09070BKR,Duplicated,1836,146477,161458,256.1,150
EOG09070BKR,Duplicated,22,20410353,20420641,288.4,151
EOG09070BKZ,Duplicated,114,6274850,6283288,436.1,203
EOG09070BKZ,Duplicated,6228,72761,102625,401.2,201
EOG09070BLX,Duplicated,35,8158677,8189284,299.6,182
EOG09070BLX,Duplicated,664,125858,161528,275.9,169
EOG09070BM1,Duplicated,300,1098846,1105288,326,161
EOG09070BM1,Duplicated,850,358212,370642,304.9,161
EOG09070BMH,Duplicated,2017,210474,268521,274.9,166
EOG09070BMH,Duplicated,52,2665154,2725662,302.8,165
EOG09070BNO,Duplicated,10,20667754,20668497,406.5,200
EOG09070BNO,Duplicated,19855,13712,14452,370.1,200
EOG09070BNP,Duplicated,17168,36809,43509,302.3,149
EOG09070BNP,Duplicated,48,10671688,10684767,314.4,149
EOG09070BNV,Duplicated,1495,79934,94698,282.4,163
EOG09070BNV,Duplicated,5,33175396,33180731,327.3,175
EOG09070BQ2,Duplicated,17,4129528,4143807,450.5,242
EOG09070BQ2,Duplicated,446,358446,369357,421.6,242
EOG09070BQ6,Duplicated,53238,3955,5898,294.9,168
EOG09070BQ6,Duplicated,88,828539,831356,309.8,169
EOG09070BQN,Duplicated,20439,28140,34479,355.3,191
EOG09070BQN,Duplicated,98,62486,66973,356,188
EOG09070BR7,Duplicated,4593,190131,208517,236,129
EOG09070BR7,Duplicated,49,4006585,4009006,260.2,129
EOG09070BS1,Duplicated,1240,360091,363191,384.2,200
EOG09070BS1,Duplicated,1,59298578,59306804,402.7,200
EOG09070BSX,Duplicated,126,3712358,3713249,330.3,173
EOG09070BSX,Duplicated,642,214116,227145,331.9,173
EOG09070BT9,Duplicated,4135,9775,19083,310.6,170
EOG09070BT9,Duplicated,8,19577641,19601272,347.5,170
EOG09070BU8,Duplicated,15,16939349,16961161,369.7,197
EOG09070BU8,Duplicated,4599,95936,103456,327.6,188
EOG09070BY5,Duplicated,36,2164413,2176706,170.9,132
EOG09070BY5,Duplicated,4652,26275,37867,188.8,139
EOG09070BY8,Duplicated,248,108645,131271,264.1,142
EOG09070BY8,Duplicated,33998,10505,23862,231.9,142
EOG09070BYG,Duplicated,17038,48724,62861,348.7,190
EOG09070BYG,Duplicated,92,128219,144739,387.4,191
EOG09070BZV,Duplicated,2348,8653,39268,325.8,163
EOG09070BZV,Duplicated,638,557984,576368,312.2,161
EOG09070C3B,Duplicated,153,3136317,3140958,355.8,171
EOG09070C3B,Duplicated,7493,86118,90830,321.2,167
EOG09070C40,Duplicated,20180,37668,50033,260.5,139
EOG09070C40,Duplicated,39,3774346,3781630,294.6,138
EOG09070C41,Duplicated,143,5190710,5191297,395.7,171
EOG09070C41,Duplicated,28,11989104,11989691,386.7,171
EOG09070C60,Duplicated,1246,440371,473260,368.5,181
EOG09070C60,Duplicated,177,165427,174873,394,181
EOG09070C6Z,Duplicated,23,11411337,11421469,391.8,183
EOG09070C6Z,Duplicated,4734,91201,104025,342.5,182
EOG09070C7K,Duplicated,1756,352762,396668,335.7,176
EOG09070C7K,Duplicated,34,6488412,6518480,357.7,176
EOG09070C7U,Duplicated,1083,268608,276242,322.3,187
EOG09070C7U,Duplicated,31,7683783,7691136,379.1,187
EOG09070C8Y,Duplicated,39,13783278,13793432,257.8,118
EOG09070C8Y,Duplicated,4326,88066,90677,257.9,118
EOG09070CA7,Duplicated,14,13817005,13820637,162.4,105
EOG09070CA7,Duplicated,216,1508738,1519928,155.8,105
EOG09070CA7,Duplicated,77,7817198,7822898,140,102
EOG09070CD3,Duplicated,19,8228679,8231812,348.8,170
EOG09070CD3,Duplicated,498,771714,773873,319.9,170
EOG09070CDX,Duplicated,2,7284976,7322505,344.3,209
EOG09070CDX,Duplicated,70752,1,4147,319.7,214
EOG09070CF8,Duplicated,3069,37399,49180,373.9,199
EOG09070CF8,Duplicated,44,9710403,9734711,405.6,202
EOG09070CG5,Duplicated,15,8138791,8189711,329.8,153
EOG09070CG5,Duplicated,313,442441,457144,308.2,153
EOG09070CHF,Duplicated,277,53832,81388,325.4,187
EOG09070CHF,Duplicated,578,152245,170525,332.1,215
EOG09070CI4,Duplicated,5685,11133,46357,301.5,185
EOG09070CI4,Duplicated,7,14351159,14356746,303.1,174
EOG09070CKG,Duplicated,3424,6019,29307,360.2,218
EOG09070CKG,Duplicated,96,588252,614086,375.9,207
EOG09070CKV,Duplicated,2168,76908,77435,315.1,138
EOG09070CKV,Duplicated,4696,165087,174874,294.6,132
EOG09070CKV,Duplicated,52,3494841,3495368,292.9,138
EOG09070CLI,Duplicated,160,2766232,2780598,715.1,471
EOG09070CLI,Duplicated,4532,184847,220336,611.5,450
EOG09070CM5,Duplicated,150,869556,906514,311.9,191
EOG09070CM5,Duplicated,1970,245530,298397,281.6,128
EOG09070CM7,Duplicated,17,3217185,3219415,334.7,176
EOG09070CM7,Duplicated,437,129299,142836,302.8,177
EOG09070CMF,Duplicated,180,2001096,2021158,269.7,159
EOG09070CMF,Duplicated,440,897251,932647,270.4,176
EOG09070CML,Duplicated,369,880786,894801,244.9,128
EOG09070CML,Duplicated,89,3002496,3008067,270.9,128
EOG09070CN6,Duplicated,2452,234317,252377,244.2,133
EOG09070CN6,Duplicated,39,11711290,11739345,273.4,133
EOG09070CO4,Duplicated,12774,28748,33990,296.5,171
EOG09070CO4,Duplicated,38,12298160,12305568,324.5,171
EOG09070CQK,Duplicated,11,1246900,1253689,300.3,144
EOG09070CQK,Duplicated,853,88083,98577,260.8,144
EOG09070CQZ,Duplicated,52,11722312,11735639,281.2,150
EOG09070CQZ,Duplicated,8590,60619,85653,249.5,141
EOG09070CR8,Duplicated,2,14859811,14877788,343.5,163
EOG09070CR8,Duplicated,8922,19696,50608,334.9,163
EOG09070CSB,Duplicated,129,5107274,5113325,233.4,148
EOG09070CSB,Duplicated,7889,1691,36163,234.2,147
EOG09070CV2,Duplicated,102,783239,783784,294.4,149
EOG09070CV2,Duplicated,2918,55765,73627,274.3,150
EOG09070CW5,Duplicated,100,1252386,1265952,344.4,181
EOG09070CW5,Duplicated,1376,100581,112730,386.1,181
EOG09070CY8,Duplicated,46,1183980,1229188,290.3,168
EOG09070CY8,Duplicated,760,21389,43462,288.9,163
EOG09070CYS,Duplicated,6,20788663,20823508,472.8,241
EOG09070CYS,Duplicated,773,424867,473887,439.5,238
EOG09070CZ0,Duplicated,3366,7868,16871,288.3,161
EOG09070CZ0,Duplicated,55,527513,549884,327.2,164
EOG09070D0E,Duplicated,67,4898306,4918256,346.5,159
EOG09070D0E,Duplicated,9506,70490,91433,311,152
EOG09070D18,Duplicated,103,4573672,4600452,294.4,173
EOG09070D18,Duplicated,7727,24990,68158,276.4,155
EOG09070D3I,Duplicated,231,1896086,1911909,382.3,183
EOG09070D3I,Duplicated,9989,68340,76369,354,182
EOG09070D3N,Duplicated,190,3506487,3518588,185.4,97
EOG09070D3N,Duplicated,2879,466,30685,163.4,93
EOG09070D4A,Duplicated,512,772005,788811,227.5,150
EOG09070D4A,Duplicated,7,2210786,2228694,254.6,148
EOG09070D4M,Duplicated,1335,101010,120206,154.9,84
EOG09070D4M,Duplicated,316,1004217,1040867,163.2,84
EOG09070D6O,Duplicated,12015,46593,84788,284.7,140
EOG09070D6O,Duplicated,40,9451571,9470177,300.2,142
EOG09070D7F,Duplicated,16513,32780,38334,307.5,151
EOG09070D7F,Duplicated,5,17954462,17957360,340.1,152
EOG09070DDX,Duplicated,15,20265970,20274140,193.9,122
EOG09070DDX,Duplicated,3101,190034,201242,182.9,112
EOG09070DG0,Duplicated,2485,179814,184873,231.7,137
EOG09070DG0,Duplicated,95,3739505,3742820,249.6,139
EOG09070DIU,Duplicated,124,1634014,1638935,263.9,121
EOG09070DIU,Duplicated,7101,172733,177926,253.2,116
EOG09070DKN,Duplicated,10449,88499,98853,274.6,168
EOG09070DKN,Duplicated,3,33813294,33838079,284.9,175
EOG09070DLD,Duplicated,28,3170206,3175185,456.3,224
EOG09070DLD,Duplicated,3517,254948,261495,390.5,209
EOG09070DNK,Duplicated,117,1939878,1951421,317.8,159
EOG09070DNK,Duplicated,13912,50254,64528,278.3,157
EOG09070DNR,Duplicated,1685,87112,97199,309.5,156
EOG09070DNR,Duplicated,42,11783731,11804156,338.3,147
EOG09070DO0,Duplicated,330,754413,792924,294.6,142
EOG09070DO0,Duplicated,9,16190798,16246313,259.8,138
EOG09070DO9,Duplicated,1940,103468,124936,260.4,161
EOG09070DO9,Duplicated,65,10278357,10285952,297.4,161
EOG09070DQU,Duplicated,11,1952365,1957634,238.6,153
EOG09070DQU,Duplicated,2838,58636,72741,229,161
EOG09070DS0,Duplicated,60,10684606,10693187,213.7,114
EOG09070DS0,Duplicated,968,370072,373445,188,113
EOG09070DSQ,Duplicated,132,283802,284257,173.7,92
EOG09070DSQ,Duplicated,135,3581753,3582205,195.4,92
EOG09070DV9,Duplicated,31,2861673,2866116,144.1,81
EOG09070DV9,Duplicated,445,502013,504062,143.4,81
EOG09070DVK,Duplicated,1,35644136,35651964,271.7,125
EOG09070DVK,Duplicated,525,685826,710654,231.3,131
EOG09070DVY,Duplicated,17,3883822,3890377,167.8,91
EOG09070DVY,Duplicated,31290,337,6708,155.3,97
EOG09070DZ2,Duplicated,306,10530,16375,219.5,114
EOG09070DZ2,Duplicated,78,646150,682203,218.6,114
EOG09070DZ6,Duplicated,173,3993969,4013420,207.5,119
EOG09070DZ6,Duplicated,6771,78156,99740,186.8,119
EOG09070E21,Duplicated,27,5942407,5958231,255.2,138
EOG09070E21,Duplicated,451,942135,951077,258.6,141
EOG09070E2C,Duplicated,24,19342867,19344297,463.3,212
EOG09070E2C,Duplicated,4244,72347,74539,430.4,211
EOG09070E2Q,Duplicated,2,2442790,2472874,191.5,112
EOG09070E2Q,Duplicated,675,90361,150965,163.5,112
EOG09070E4O,Duplicated,1853,73043,97227,153.4,115
EOG09070E4O,Duplicated,73,6147362,6152980,162.1,115
EOG09070E4P,Duplicated,26,9861805,9893758,330.3,154
EOG09070E4P,Duplicated,3209,104468,143766,312.9,154
EOG09070E52,Duplicated,17,13843276,13864660,192.6,102
EOG09070E52,Duplicated,434,382804,410032,189,94
EOG09070EC1,Duplicated,34,15381264,15383813,202.4,97
EOG09070EC1,Duplicated,3739,145731,150042,194.2,97
EOG09070EEF,Duplicated,269,1266984,1275279,309.7,141
EOG09070EEF,Duplicated,488,433289,451508,300,141
EOG09070EFA,Duplicated,191,667729,671784,251.8,146
EOG09070EFA,Duplicated,7,26493107,26518193,247.7,146
EOG09070EG1,Duplicated,38,13443638,13446767,194.3,96
EOG09070EG1,Duplicated,986,264384,269629,183.1,96
EOG09070EGS,Duplicated,37175,2696,8691,219.1,120
EOG09070EGS,Duplicated,3747,213194,213844,252.4,122
EOG09070EGS,Duplicated,58,8757561,8763090,254.9,122
EOG09070EHP,Duplicated,10485,58660,60548,225.9,128
EOG09070EHP,Duplicated,148,1360869,1380488,244.5,128
EOG09070EJP,Duplicated,10438,18565,40881,229.3,115
EOG09070EJP,Duplicated,86,3475264,3478677,221.9,115
EOG09070EKF,Duplicated,228,1803771,1813197,294.4,135
EOG09070EKF,Duplicated,36396,3257,18588,258,135
EOG09070ELY,Duplicated,4935,16449,17247,182.5,93
EOG09070ELY,Duplicated,65,9373408,9374102,191.2,93
EOG09070F7D,Duplicated,230,2116589,2124881,144.6,75
EOG09070F7D,Duplicated,840,515580,544784,131.8,77
EOG09070FBF,Duplicated,2155,204312,227075,187.5,126
EOG09070FBF,Duplicated,85,3626937,3629753,193.7,120
EOG09070FCG,Duplicated,12308,10162,33565,229.2,126
EOG09070FCG,Duplicated,9,22584576,22605278,252.1,124
EOG09070FEX,Duplicated,2070,105307,129325,226.5,118
EOG09070FEX,Duplicated,58,6219400,6222504,237.9,118
EOG09070FI2,Duplicated,1486,75943,118838,237.5,105
EOG09070FI2,Duplicated,201,2130674,2141801,243.7,105
EOG09070FMZ,Duplicated,140,3343960,3391582,135.6,72
EOG09070FMZ,Duplicated,2228,263182,321755,132.8,92
EOG09070FOF,Duplicated,106,4214851,4222636,264.2,134
EOG09070FOF,Duplicated,2687,162721,169386,254,140
EOG09070FOZ,Duplicated,2490,102613,120040,96.2,55
EOG09070FOZ,Duplicated,76,1510826,1521160,96.6,55
EOG09070FQN,Duplicated,21,11955409,11955726,180.2,91
EOG09070FQN,Duplicated,32637,17687,18007,182.6,91
EOG09070FQN,Duplicated,9469,34144,39025,182.6,91
EOG09070FQQ,Duplicated,1047,331365,332241,222.5,132
EOG09070FQQ,Duplicated,269,1807068,1809978,252.5,133
EOG09070FVD,Duplicated,363,1107251,1113981,302.1,157
EOG09070FVD,Duplicated,88,1724127,1740546,334.2,157
EOG09070FW7,Duplicated,1015,568271,572481,175.3,103
EOG09070FW7,Duplicated,50,2684469,2697753,193.8,104
EOG09070FZ7,Duplicated,153,4789449,4802302,150.2,113
EOG09070FZ7,Duplicated,564,305656,325847,132.2,114
EOG09070G1P,Duplicated,28,7473531,7477372,231.9,128
EOG09070G1P,Duplicated,30,13011709,13012182,218.6,131
EOG09070G96,Duplicated,13567,16875,23936,223.1,109
EOG09070G96,Duplicated,16,8146882,8154418,238,109
EOG09070G9X,Duplicated,26251,14070,21871,175,104
EOG09070G9X,Duplicated,65,3914640,3935857,149.7,102
EOG09070GH3,Duplicated,21,16389340,16421700,184,90
EOG09070GH3,Duplicated,617,56687,67738,180.6,91
EOG09070GMG,Duplicated,124,1643890,1650927,216.7,144
EOG09070GMG,Duplicated,7101,202357,220754,218.9,139
EOG09070GSH,Duplicated,311,386395,386739,202.7,95
EOG09070GSH,Duplicated,7,23762805,23774383,186.2,88
EOG09070GU2,Duplicated,10,26233373,26241014,218.8,112
EOG09070GU2,Duplicated,402,949629,954215,196.8,109
EOG09070GZP,Duplicated,22,12382317,12382657,179.1,82
EOG09070GZP,Duplicated,24298,35710,36270,159.4,82
EOG09070H40,Duplicated,26,8253061,8275827,264.8,127
EOG09070H40,Duplicated,3459,225313,278361,250.4,127
EOG09070H7W,Duplicated,162,3342812,3346470,165.7,71
EOG09070H7W,Duplicated,44184,1647,2514,141.9,71
EOG09070HAO,Duplicated,340,1155863,1161379,160.3,74
EOG09070HAO,Duplicated,3952,163978,174428,153.3,74
EOG09070HQV,Duplicated,151,4568111,4591470,132.3,59
EOG09070HQV,Duplicated,17705,45860,55850,125.3,59
EOG09070HQW,Duplicated,428,118431,119402,151.5,65
EOG09070HQW,Duplicated,43628,7007,8711,141.7,65
EOG09070I3V,Duplicated,786,60693,60956,165.6,73
EOG09070I3V,Duplicated,86,5846272,5846538,178.1,73
EOG09070I9U,Duplicated,2199,16666,62459,277.9,163
EOG09070I9U,Duplicated,28,4046260,4054045,314.2,162
EOG09070IHT,Duplicated,11,977803,984235,513.8,278
EOG09070IHT,Duplicated,853,433037,439316,437.3,279
